------------------------------------------------------------
--        Script Postgre
------------------------------------------------------------

------------------------------------------------------------
-- Table: Category
------------------------------------------------------------
CREATE TABLE public.Category(
	NAME   VARCHAR (20) NOT NULL  ,
	CONSTRAINT Category_PK PRIMARY KEY (NAME)
)WITHOUT OIDS;

------------------------------------------------------------
-- Table: User
------------------------------------------------------------
CREATE TABLE public.User(
	USERNAME        VARCHAR (30) NOT NULL ,
	EMAIL           VARCHAR (100) NOT NULL ,
	PASSWD          VARCHAR (60) NOT NULL ,
	CREATION_DATE   DATE  NOT NULL ,
	VALIDATE        BOOL  NOT NULL,
	CONSTRAINT User_PK PRIMARY KEY (USERNAME)
)WITHOUT OIDS;

------------------------------------------------------------
-- Table: Admin
------------------------------------------------------------
CREATE TABLE public.Admin(
	ID_ADMIN   SERIAL NOT NULL ,
	USERNAME   VARCHAR (30) NOT NULL  ,
	CONSTRAINT Admin_PK PRIMARY KEY (ID_ADMIN)

	,CONSTRAINT Admin_User_FK FOREIGN KEY (USERNAME) REFERENCES public.User(USERNAME)
	,CONSTRAINT Admin_User_AK UNIQUE (USERNAME)
)WITHOUT OIDS;

------------------------------------------------------------
-- Table: Page
------------------------------------------------------------
CREATE TABLE public.Article(
	ID_PAGE             SERIAL NOT NULL ,
	TITLE               VARCHAR (50) NOT NULL ,
	CREATION_DATE       DATE  NOT NULL ,
	MODIFICATION_DATE   DATE  NOT NULL ,
	VALIDATED           BOOL  NOT NULL ,
	SYNOPSIS            VARCHAR (500) NOT NULL ,
	ID_ADMIN            INT   ,
	CAT0                VARCHAR (20)  ,
	CAT1                VARCHAR (20)  ,
	CONSTRAINT Page_PK PRIMARY KEY (ID_PAGE)

	,CONSTRAINT Page_Admin_FK FOREIGN KEY (ID_ADMIN) REFERENCES public.Admin(ID_ADMIN)
	,CONSTRAINT Page_Category0_FK FOREIGN KEY (CAT0) REFERENCES public.Category(NAME)
	,CONSTRAINT Page_Category1_FK FOREIGN KEY (CAT1) REFERENCES public.Category(NAME)
)WITHOUT OIDS;

------------------------------------------------------------
-- Table: Section
------------------------------------------------------------
CREATE TABLE public.Section(
	ID_SECTION   SERIAL NOT NULL ,
	TITLE        VARCHAR (100) NOT NULL ,
	CONTENT      VARCHAR  NOT NULL ,
	ID_PAGE      INT  NOT NULL  ,
	CONSTRAINT Section_PK PRIMARY KEY (ID_SECTION)

	,CONSTRAINT Section_Page_FK FOREIGN KEY (ID_PAGE) REFERENCES public.Article(ID_PAGE)
)WITHOUT OIDS;

------------------------------------------------------------
-- Table: Maintains
------------------------------------------------------------
CREATE TABLE public.Maintains(
	ID_PAGE    INT  NOT NULL ,
	USERNAME   VARCHAR (30) NOT NULL  ,
	CONSTRAINT Maintains_PK PRIMARY KEY (ID_PAGE,USERNAME)

	,CONSTRAINT Maintains_Page_FK FOREIGN KEY (ID_PAGE) REFERENCES public.Article(ID_PAGE)
	,CONSTRAINT Maintains_User0_FK FOREIGN KEY (USERNAME) REFERENCES public.User(USERNAME)
)WITHOUT OIDS;

------------------------------------------------------------
-- Table: Moderation
------------------------------------------------------------
CREATE TABLE public.Moderation(
	ID_MODO   SERIAL NOT NULL ,
    USERNAME   VARCHAR (30) NOT NULL  ,
	MSG        VARCHAR (200) NOT NULL ,
	CONSTRAINT Moderation_PK PRIMARY KEY (ID_MODO)

	,CONSTRAINT Moderation_User0_FK FOREIGN KEY (USERNAME) REFERENCES public.User(USERNAME)
    ,CONSTRAINT Moderation_User_AK UNIQUE (USERNAME)
)WITHOUT OIDS;


------------------------------------------------------------
-- Table: NewCategory
------------------------------------------------------------
CREATE TABLE public.NewCategory(
    NAME   VARCHAR (30) NOT NULL  ,
    CONSTRAINT NewCategory_PK PRIMARY KEY (NAME)
)WITHOUT OIDS;

------------------------------------------------------------
-- Insert
------------------------------------------------------------
INSERT INTO Category (name) VALUES ('Aucune');
INSERT INTO Category (name) VALUES ('Sport');
INSERT INTO Category (name) VALUES ('Physique');
INSERT INTO Category (name) VALUES ('Chimie');
INSERT INTO Category (name) VALUES ('Financier');
INSERT INTO Category (name) VALUES ('Juridique');
INSERT INTO Category (name) VALUES ('Musique');
INSERT INTO Category (name) VALUES ('Cinéma');
INSERT INTO Category (name) VALUES ('Rock');
INSERT INTO Category (name) VALUES ('Jeux');
INSERT INTO Category (name) VALUES ('Mythologie');

-- Admin User
INSERT INTO public.User (USERNAME, EMAIL, PASSWD, CREATION_DATE, VALIDATE) VALUES ('admin', 'admin@admin.fr', '$2y$10$dVTgDzaYXor87JGkmSS70eo/vGgRConuG4Uf5.A0Pt9Gi/.t.2tVe', '2000-09-10', TRUE);
INSERT INTO public.Admin (ID_ADMIN, USERNAME) VALUES (1, 'admin');

-- AJOUT UTILISATEURS 
INSERT INTO public.User (USERNAME, EMAIL, PASSWD, CREATION_DATE, VALIDATE) VALUES ('demo', 'demo@demo.fr', '$2y$10$f17IfAAYhMiiTs30xgshkOqgZffYCsiHGszAsvzXQewEFBBhUTDJa', '2000-10-10', FALSE);
INSERT INTO public.User (USERNAME, EMAIL, PASSWD, CREATION_DATE, VALIDATE) VALUES ('demo2',	'jeremie.henrion@gmail.com', '2y$10$Fhb.L9uDdS6e/aYAGUuS.uYFDSqdeTnHUKwMYDAxPbesgRVHqnjl2', '2021-06-18',	FALSE);
INSERT INTO public.User (USERNAME, EMAIL, PASSWD, CREATION_DATE, VALIDATE) VALUES ('mikael', 'mikael@lebgdu91.com', '$2y$10$t/K8SSPOrfLTZMiggRvbrOPPSOjmBfiNcCXCvOLLCh/DG.uaeefL2', '2021-06-18', FALSE);
INSERT INTO public.User (USERNAME, EMAIL, PASSWD, CREATION_DATE, VALIDATE) VALUES ('agathe', 'agate@laplusbelle.fr', '$2y$10$fYGPivGgHflVoY59UfLZneRvU.C99UejwiKq6/GiqgJTBHmuL0GdG', '2021-06-18', FALSE);
INSERT INTO public.User (USERNAME, EMAIL, PASSWD, CREATION_DATE, VALIDATE) VALUES ('Wissam', 'wissam@laboss.dz', '$2y$10$/nV1BB8az7V5e/nVHNl1CuZ5iPAtVRHLvhexs68oOMPxpOEwkte12', '2021-06-18', FALSE);
INSERT INTO public.User (USERNAME, EMAIL, PASSWD, CREATION_DATE, VALIDATE) VALUES ('Hubert_Bonisseur_de_La_Bath', 'film@francais.fr',	'$2y$10$VVewrt5Yl9.R.HtoHEMuBOW8fkxTzCusZ.nAX63dqTO2iMWGx/THS', '2021-06-18', FALSE);
INSERT INTO public.User (USERNAME, EMAIL, PASSWD, CREATION_DATE, VALIDATE) VALUES ('bill_tremendous', 'cebonvieux@bill.us', '$2y$10$ZS67ZbRMokWUHgTWUU0UTOHgeijh4/OsIIrKUgqnS9TbUGXswYL7m', '2021-06-18', FALSE);
INSERT INTO public.User (USERNAME, EMAIL, PASSWD, CREATION_DATE, VALIDATE) VALUES ('Soldat_Flantier18', 'flantier18@hotmail.fr', '$2y$10$.pMFaz9uaszHuCfGJk2PNOX6Sic5seuZa9umY8ncg2nFfJMDlxndW', '2021-06-18', FALSE);

-- AJOUT DEMANDE MODO
INSERT INTO public.Moderation (USERNAME, MSG) VALUES ('mikael', 'TRAVAIL TRAVAIL TRAVAIL TRAVAIL TRAVAIL TRAVAIL TRAVAIL TRAVAIL TRAVAIL TRAVAIL\n\nCʼest tout ce qui compte dans la vie !');
INSERT INTO public.Moderation (USERNAME, MSG) VALUES ('agathe', 'Jʼaime les chats, ils sont si mignon !\nJe veux devenir modératrice pour quʼil y ai plus de chat dans votre vie !');
INSERT INTO public.Moderation (USERNAME, MSG) VALUES ('Wissam', 'Je suis CEO de WikipedIIE et je ne suis même pas modératrice, Cʼest une honte !! Arrangé ça avant que je ne vous vire !');
INSERT INTO public.Moderation (USERNAME, MSG) VALUES ('Hubert_Bonisseur_de_La_Bath', 'Toujours avoir une photo de René Coty sur soi !\nDʼaucun ont des aventures... Je suis une aventure.');
INSERT INTO public.Moderation (USERNAME, MSG) VALUES ('bill_tremendous', 'Ajouter moi like Modo, Iʼm Americain ! (Je know Donald Trump !)');

-- INSERT INTO ARTICLE
INSERT INTO public.Article (TITLE, CREATION_DATE, MODIFICATION_DATE, VALIDATED, SYNOPSIS, ID_ADMIN, CAT0, CAT1) VALUES('TEST ARTICLE 1', '2000-10-11', '2000-10-12', TRUE, 'It is a long established fact that a reader will be distracted by ', 1, 'Aucune', 'Musique');
INSERT INTO public.Article (TITLE, CREATION_DATE, MODIFICATION_DATE, VALIDATED, SYNOPSIS, ID_ADMIN, CAT0, CAT1) VALUES('TEST ARTICLE 2', '2000-10-11', '2000-10-12', TRUE, 'It is a long established fact that a reader will be distracted by ', 1, 'Aucune', 'Musique');
INSERT INTO public.Article (TITLE, CREATION_DATE, MODIFICATION_DATE, VALIDATED, SYNOPSIS, ID_ADMIN, CAT0, CAT1) VALUES('Johnny Hallyday', '2021-06-18', '2021-06-18', FALSE, 'Johnny Hallyday, nom de scène de Jean-Philippe Smet, \n\n\nné le 15 juin 1943\n\n dans le 9e arrondissement de Paris et mort le 5 décembre 2017 à Marnes-la-Coquette (Hauts-de-Seine), est un chanteur, compositeur et acteur français.', 1, 'Rock', 'Aucune');
INSERT INTO public.Article (TITLE, CREATION_DATE, MODIFICATION_DATE, VALIDATED, SYNOPSIS, ID_ADMIN, CAT0, CAT1) VALUES('ENSIIE', '2021-06-18', '2021-06-18', FALSE, 'LʼÉcole nationale supérieure dʼinformatique pour lʼindustrie et lʼentreprise (ENSIIE, anciennement Institut dʼinformatique dʼentreprise, IIE) est lʼune des 204 écoles dʼingénieurs françaises accréditées au 1er septembre 2020 à délivrer un diplôme dʼingénieur3.', 1 , 'Aucune', 'Aucune');
INSERT INTO public.Article (TITLE, CREATION_DATE, MODIFICATION_DATE, VALIDATED, SYNOPSIS, ID_ADMIN, CAT0, CAT1) VALUES('Soleil', '2021-06-18', '2021-06-18', FALSE, 'Le Soleil est l’étoile du Système solaire. Dans la classification astronomique, c’est une étoile de type naine jaune dʼune masse dʼenviron 1,989 1 × 1030 kg, composée d’hydrogène (75 % de la masse ou 92 % du volume) et d’hélium (25 % de la masse ou 8 % du volume)10. Le Soleil fait partie', 1, 'Physique', 'Chimie');
INSERT INTO public.Article (TITLE, CREATION_DATE, MODIFICATION_DATE, VALIDATED, SYNOPSIS, ID_ADMIN, CAT0, CAT1) VALUES('Zeus', '2021-06-18', '2021-06-18', FALSE, 'Zeus (en grec ancien Ζεύς / Zeús) est le dieu suprême dans la mythologie grecque. Fils du titan Cronos et de la titanide Rhéa, marié à sa sœur Héra1, il a engendré, avec cette déesse et avec dʼautres, plusieurs dieux et déesses, et, avec des mortelles, de nombreux héros, comme lʼa expliqué la théogonie dʼHésiode', 1, 'Mythologie', 'Aucune');
INSERT INTO public.Article (TITLE, CREATION_DATE, MODIFICATION_DATE, VALIDATED, SYNOPSIS, ID_ADMIN, CAT0, CAT1) VALUES('Hadès', '2021-06-18', '2021-06-18', FALSE, 'Dans la mythologie grecque, Hadès (en grec ancien ᾍδης ou Ἅιδης / Háidês) est une divinité chthonienne, frère aîné de Zeus et de Poséidon. Comme Zeus gouverne le Ciel et Poséidon la Mer, Hadès règne sous la terre et pour cette raison il est souvent considéré comme le « maître des Enfers ».', 1, 'Mythologie', 'Aucune');
INSERT INTO public.Article (TITLE, CREATION_DATE, MODIFICATION_DATE, VALIDATED, SYNOPSIS, ID_ADMIN, CAT0, CAT1) VALUES('Hades (jeu vidéo)', '2021-06-18', '2021-06-18', FALSE, 'Hades est un jeu vidéo roguelite dʼaction-RPG développé et publié par Supergiant Games, sorti le 17 septembre 2020 sur Microsoft Windows, Mac OS et Nintendo Switch en version dématérialisée. La version physique pour la Nintendo Switch est sorti le 19 mars 20211.', 1, 'Jeux', 'Mythologie');
INSERT INTO public.Article (TITLE, CREATION_DATE, MODIFICATION_DATE, VALIDATED, SYNOPSIS, ID_ADMIN, CAT0, CAT1) VALUES('Mariah Carey', '2021-06-18', '2021-06-18', FALSE, 'Mariah Carey [məˈɹaɪə ˈkɛəɹi]1, née le 27 mars 19702 à Huntington (Long Island, État de New York)3, est une auteure-compositrice-interprète, actrice et femme dʼaffaires américaine.\n\nElle est révélée en 1990 par son premier', 1, 'Musique', 'Cinéma');
INSERT INTO public.Article (TITLE, CREATION_DATE, MODIFICATION_DATE, VALIDATED, SYNOPSIS, ID_ADMIN, CAT0, CAT1) VALUES('Bitcoin', '2021-06-18', '2021-06-18', FALSE, 'Le Bitcoin (₿, BTC, XBTn 1) ', 1, 'Financier', 'Juridique');
INSERT INTO public.Article (TITLE, CREATION_DATE, MODIFICATION_DATE, VALIDATED, SYNOPSIS, ID_ADMIN, CAT0, CAT1) VALUES('Michael Jackson', '2021-06-18', '2021-06-18', FALSE, 'Michael Jackson ', 1, 'Musique', 'Rock');

-- INSERT INTO SECTION
INSERT INTO public.Section (TITLE, CONTENT, ID_PAGE) VALUES('Section Test 1', 'Lorem ipsum dolor sit amet, consectetur adipiscing elit. Ut aliquam est eget semper euismod. Pellentesque at enim ac quam vestibulum sagittis. Quisque ullamcorper elit id justo sollicitudin, ut porttitor lectus viverra. Donec vitae risus accumsan, blandit lacus vitae, pulvinar sem. Phasellus porttitor quam eu massa lacinia condimentum. Cras faucibus magna sit amet purus malesuada, eu tincidunt quam varius. Pellentesque eu turpis ante. Quisque accumsan eros augue, in pellentesque nibh egestas a.Aenean facilisis non velit sit amet efficitur. Pellentesque luctus facilisis turpis sit amet feugiat. Quisque maximus auctor varius. Orci varius natoque penatibus et magnis dis parturient montes, nascetur ridiculus mus. Pellentesque habitant morbi tristique senectus et netus et malesuada fames ac turpis egestas. Phasellus facilisis orci nec scelerisque convallis. Mauris consectetur malesuada augue, at consequat lorem luctus at. Duis vitae turpis vel felis fermentum sodales. Cras eu felis lectus. Ut eleifend laoreet magna ac suscipit. Nunc rhoncus diam non justo dapibus, eget dignissim mi blandit. Donec cursus metus sed erat mollis sodales. Proin pellentesque, ex et varius iaculis, elit felis malesuada eros, volutpat aliquam nibh elit nec risus.Nullam vestibulum risus a nisl sodales, sed lobortis lacus consectetur. Curabitur lacinia quis felis eu fringilla. Pellentesque sed quam sodales, bibendum ex ac, sagittis odio. Vestibulum gravida lectus et sem viverra blandit. Nullam finibus lobortis odio, vel varius erat iaculis in. Nullam mattis sapien sed ornare interdum. Quisque pharetra blandit urna, sit amet pretium magna sollicitudin at. Nunc fringilla arcu vitae lectus fringilla iaculis. In eleifend ligula vehicula fermentum ornare. Donec mauris leo, scelerisque vitae diam ut, porta convallis diam. Phasellus efficitur nisl sit amet convallis vehicula.Fusce vel orci in lorem posuere pellentesque. Aliquam et purus nec est porta finibus. Fusce condimentum massa a ante hendrerit, vel elementum arcu pellentesque. Proin luctus vehicula mollis. Donec porta sem a malesuada tincidunt. Interdum et malesuada fames ac ante ipsum primis in faucibus. Etiam tristique tellus vel dolor egestas bibendum. Proin eu dapibus massa. Duis aliquam ex nec interdum dapibus. Nunc sed felis nec ligula efficitur sollicitudin ac sit amet odio. Praesent ornare posuere neque nec vehicula. Duis magna sem, accumsan ut tempus commodo, commodo non nisi. Cras nibh nibh, commodo aliquet elit ac, finibus porta magna.Etiam dignissim, lacus a imperdiet eleifend, ligula nibh vehicula leo, ac hendrerit diam velit id sapien. Duis augue dui, efficitur vitae sapien in, posuere scelerisque nibh. Pellentesque tristique blandit sem ac interdum. Ut gravida condimentum tortor, id congue ipsum pellentesque sed. Phasellus vulputate sem et eros hendrerit imperdiet. Nunc mauris ipsum, egestas id lacinia id, dapibus et tellus. Nullam at bibendum erat, in fermentum enim. Morbi euismod pharetra neque eu facilisis. Nullam commodo, ex eu sagittis elementum, mi urna consectetur orci, vitae tempus mauris risus non velit. Morbi laoreet ex sapien, ac efficitur diam sollicitudin at. Aliquam eu massa in sem hendrerit consectetur quis nec eros. Sed maximus facilisis nulla, ac cursus metus auctor ac. Maecenas lacus nibh, dictum id augue vel, sodales vestibulum erat.', 1);
INSERT INTO public.Section (TITLE, CONTENT, ID_PAGE) VALUES('Section Test 2', 'Lorem ipsum dolor sit amet, consectetur adipiscing elit. Ut aliquam est eget semper euismod. Pellentesque at enim ac quam vestibulum sagittis. Quisque ullamcorper elit id justo sollicitudin, ut porttitor lectus viverra. Donec vitae risus accumsan, blandit lacus vitae, pulvinar sem. Phasellus porttitor quam eu massa lacinia condimentum. Cras faucibus magna sit amet purus malesuada, eu tincidunt quam varius. Pellentesque eu turpis ante. Quisque accumsan eros augue, in pellentesque nibh egestas a.Aenean facilisis non velit sit amet efficitur. Pellentesque luctus facilisis turpis sit amet feugiat. Quisque maximus auctor varius. Orci varius natoque penatibus et magnis dis parturient montes, nascetur ridiculus mus. Pellentesque habitant morbi tristique senectus et netus et malesuada fames ac turpis egestas. Phasellus facilisis orci nec scelerisque convallis. Mauris consectetur malesuada augue, at consequat lorem luctus at. Duis vitae turpis vel felis fermentum sodales. Cras eu felis lectus. Ut eleifend laoreet magna ac suscipit. Nunc rhoncus diam non justo dapibus, eget dignissim mi blandit. Donec cursus metus sed erat mollis sodales. Proin pellentesque, ex et varius iaculis, elit felis malesuada eros, volutpat aliquam nibh elit nec risus.Nullam vestibulum risus a nisl sodales, sed lobortis lacus consectetur. Curabitur lacinia quis felis eu fringilla. Pellentesque sed quam sodales, bibendum ex ac, sagittis odio. Vestibulum gravida lectus et sem viverra blandit. Nullam finibus lobortis odio, vel varius erat iaculis in. Nullam mattis sapien sed ornare interdum. Quisque pharetra blandit urna, sit amet pretium magna sollicitudin at. Nunc fringilla arcu vitae lectus fringilla iaculis. In eleifend ligula vehicula fermentum ornare. Donec mauris leo, scelerisque vitae diam ut, porta convallis diam. Phasellus efficitur nisl sit amet convallis vehicula.Fusce vel orci in lorem posuere pellentesque. Aliquam et purus nec est porta finibus. Fusce condimentum massa a ante hendrerit, vel elementum arcu pellentesque. Proin luctus vehicula mollis. Donec porta sem a malesuada tincidunt. Interdum et malesuada fames ac ante ipsum primis in faucibus. Etiam tristique tellus vel dolor egestas bibendum. Proin eu dapibus massa. Duis aliquam ex nec interdum dapibus. Nunc sed felis nec ligula efficitur sollicitudin ac sit amet odio. Praesent ornare posuere neque nec vehicula. Duis magna sem, accumsan ut tempus commodo, commodo non nisi. Cras nibh nibh, commodo aliquet elit ac, finibus porta magna.Etiam dignissim, lacus a imperdiet eleifend, ligula nibh vehicula leo, ac hendrerit diam velit id sapien. Duis augue dui, efficitur vitae sapien in, posuere scelerisque nibh. Pellentesque tristique blandit sem ac interdum. Ut gravida condimentum tortor, id congue ipsum pellentesque sed. Phasellus vulputate sem et eros hendrerit imperdiet. Nunc mauris ipsum, egestas id lacinia id, dapibus et tellus. Nullam at bibendum erat, in fermentum enim. Morbi euismod pharetra neque eu facilisis. Nullam commodo, ex eu sagittis elementum, mi urna consectetur orci, vitae tempus mauris risus non velit. Morbi laoreet ex sapien, ac efficitur diam sollicitudin at. Aliquam eu massa in sem hendrerit consectetur quis nec eros. Sed maximus facilisis nulla, ac cursus metus auctor ac. Maecenas lacus nibh, dictum id augue vel, sodales vestibulum erat.', 1);
INSERT INTO public.Section (TITLE, CONTENT, ID_PAGE) VALUES('Section Test 3', 'Lorem ipsum dolor sit amet, consectetur adipiscing elit. Ut aliquam est eget semper euismod. Pellentesque at enim ac quam vestibulum sagittis. Quisque ullamcorper elit id justo sollicitudin, ut porttitor lectus viverra. Donec vitae risus accumsan, blandit lacus vitae, pulvinar sem. Phasellus porttitor quam eu massa lacinia condimentum. Cras faucibus magna sit amet purus malesuada, eu tincidunt quam varius. Pellentesque eu turpis ante. Quisque accumsan eros augue, in pellentesque nibh egestas a.Aenean facilisis non velit sit amet efficitur. Pellentesque luctus facilisis turpis sit amet feugiat. Quisque maximus auctor varius. Orci varius natoque penatibus et magnis dis parturient montes, nascetur ridiculus mus. Pellentesque habitant morbi tristique senectus et netus et malesuada fames ac turpis egestas. Phasellus facilisis orci nec scelerisque convallis. Mauris consectetur malesuada augue, at consequat lorem luctus at. Duis vitae turpis vel felis fermentum sodales. Cras eu felis lectus. Ut eleifend laoreet magna ac suscipit. Nunc rhoncus diam non justo dapibus, eget dignissim mi blandit. Donec cursus metus sed erat mollis sodales. Proin pellentesque, ex et varius iaculis, elit felis malesuada eros, volutpat aliquam nibh elit nec risus.Nullam vestibulum risus a nisl sodales, sed lobortis lacus consectetur. Curabitur lacinia quis felis eu fringilla. Pellentesque sed quam sodales, bibendum ex ac, sagittis odio. Vestibulum gravida lectus et sem viverra blandit. Nullam finibus lobortis odio, vel varius erat iaculis in. Nullam mattis sapien sed ornare interdum. Quisque pharetra blandit urna, sit amet pretium magna sollicitudin at. Nunc fringilla arcu vitae lectus fringilla iaculis. In eleifend ligula vehicula fermentum ornare. Donec mauris leo, scelerisque vitae diam ut, porta convallis diam. Phasellus efficitur nisl sit amet convallis vehicula.Fusce vel orci in lorem posuere pellentesque. Aliquam et purus nec est porta finibus. Fusce condimentum massa a ante hendrerit, vel elementum arcu pellentesque. Proin luctus vehicula mollis. Donec porta sem a malesuada tincidunt. Interdum et malesuada fames ac ante ipsum primis in faucibus. Etiam tristique tellus vel dolor egestas bibendum. Proin eu dapibus massa. Duis aliquam ex nec interdum dapibus. Nunc sed felis nec ligula efficitur sollicitudin ac sit amet odio. Praesent ornare posuere neque nec vehicula. Duis magna sem, accumsan ut tempus commodo, commodo non nisi. Cras nibh nibh, commodo aliquet elit ac, finibus porta magna.Etiam dignissim, lacus a imperdiet eleifend, ligula nibh vehicula leo, ac hendrerit diam velit id sapien. Duis augue dui, efficitur vitae sapien in, posuere scelerisque nibh. Pellentesque tristique blandit sem ac interdum. Ut gravida condimentum tortor, id congue ipsum pellentesque sed. Phasellus vulputate sem et eros hendrerit imperdiet. Nunc mauris ipsum, egestas id lacinia id, dapibus et tellus. Nullam at bibendum erat, in fermentum enim. Morbi euismod pharetra neque eu facilisis. Nullam commodo, ex eu sagittis elementum, mi urna consectetur orci, vitae tempus mauris risus non velit. Morbi laoreet ex sapien, ac efficitur diam sollicitudin at. Aliquam eu massa in sem hendrerit consectetur quis nec eros. Sed maximus facilisis nulla, ac cursus metus auctor ac. Maecenas lacus nibh, dictum id augue vel, sodales vestibulum erat.', 1);
INSERT INTO public.Section (TITLE, CONTENT, ID_PAGE) VALUES('Section Test 4', 'Lorem ipsum dolor sit amet, consectetur adipiscing elit. Ut aliquam est eget semper euismod. Pellentesque at enim ac quam vestibulum sagittis. Quisque ullamcorper elit id justo sollicitudin, ut porttitor lectus viverra. Donec vitae risus accumsan, blandit lacus vitae, pulvinar sem. Phasellus porttitor quam eu massa lacinia condimentum. Cras faucibus magna sit amet purus malesuada, eu tincidunt quam varius. Pellentesque eu turpis ante. Quisque accumsan eros augue, in pellentesque nibh egestas a.Aenean facilisis non velit sit amet efficitur. Pellentesque luctus facilisis turpis sit amet feugiat. Quisque maximus auctor varius. Orci varius natoque penatibus et magnis dis parturient montes, nascetur ridiculus mus. Pellentesque habitant morbi tristique senectus et netus et malesuada fames ac turpis egestas. Phasellus facilisis orci nec scelerisque convallis. Mauris consectetur malesuada augue, at consequat lorem luctus at. Duis vitae turpis vel felis fermentum sodales. Cras eu felis lectus. Ut eleifend laoreet magna ac suscipit. Nunc rhoncus diam non justo dapibus, eget dignissim mi blandit. Donec cursus metus sed erat mollis sodales. Proin pellentesque, ex et varius iaculis, elit felis malesuada eros, volutpat aliquam nibh elit nec risus.Nullam vestibulum risus a nisl sodales, sed lobortis lacus consectetur. Curabitur lacinia quis felis eu fringilla. Pellentesque sed quam sodales, bibendum ex ac, sagittis odio. Vestibulum gravida lectus et sem viverra blandit. Nullam finibus lobortis odio, vel varius erat iaculis in. Nullam mattis sapien sed ornare interdum. Quisque pharetra blandit urna, sit amet pretium magna sollicitudin at. Nunc fringilla arcu vitae lectus fringilla iaculis. In eleifend ligula vehicula fermentum ornare. Donec mauris leo, scelerisque vitae diam ut, porta convallis diam. Phasellus efficitur nisl sit amet convallis vehicula.Fusce vel orci in lorem posuere pellentesque. Aliquam et purus nec est porta finibus. Fusce condimentum massa a ante hendrerit, vel elementum arcu pellentesque. Proin luctus vehicula mollis. Donec porta sem a malesuada tincidunt. Interdum et malesuada fames ac ante ipsum primis in faucibus. Etiam tristique tellus vel dolor egestas bibendum. Proin eu dapibus massa. Duis aliquam ex nec interdum dapibus. Nunc sed felis nec ligula efficitur sollicitudin ac sit amet odio. Praesent ornare posuere neque nec vehicula. Duis magna sem, accumsan ut tempus commodo, commodo non nisi. Cras nibh nibh, commodo aliquet elit ac, finibus porta magna.Etiam dignissim, lacus a imperdiet eleifend, ligula nibh vehicula leo, ac hendrerit diam velit id sapien. Duis augue dui, efficitur vitae sapien in, posuere scelerisque nibh. Pellentesque tristique blandit sem ac interdum. Ut gravida condimentum tortor, id congue ipsum pellentesque sed. Phasellus vulputate sem et eros hendrerit imperdiet. Nunc mauris ipsum, egestas id lacinia id, dapibus et tellus. Nullam at bibendum erat, in fermentum enim. Morbi euismod pharetra neque eu facilisis. Nullam commodo, ex eu sagittis elementum, mi urna consectetur orci, vitae tempus mauris risus non velit. Morbi laoreet ex sapien, ac efficitur diam sollicitudin at. Aliquam eu massa in sem hendrerit consectetur quis nec eros. Sed maximus facilisis nulla, ac cursus metus auctor ac. Maecenas lacus nibh, dictum id augue vel, sodales vestibulum erat.', 1);
INSERT INTO public.Section (TITLE, CONTENT, ID_PAGE) VALUES('Section Test 5', 'Lorem ipsum dolor sit amet, consectetur adipiscing elit. Ut aliquam est eget semper euismod. Pellentesque at enim ac quam vestibulum sagittis. Quisque ullamcorper elit id justo sollicitudin, ut porttitor lectus viverra. Donec vitae risus accumsan, blandit lacus vitae, pulvinar sem. Phasellus porttitor quam eu massa lacinia condimentum. Cras faucibus magna sit amet purus malesuada, eu tincidunt quam varius. Pellentesque eu turpis ante. Quisque accumsan eros augue, in pellentesque nibh egestas a.Aenean facilisis non velit sit amet efficitur. Pellentesque luctus facilisis turpis sit amet feugiat. Quisque maximus auctor varius. Orci varius natoque penatibus et magnis dis parturient montes, nascetur ridiculus mus. Pellentesque habitant morbi tristique senectus et netus et malesuada fames ac turpis egestas. Phasellus facilisis orci nec scelerisque convallis. Mauris consectetur malesuada augue, at consequat lorem luctus at. Duis vitae turpis vel felis fermentum sodales. Cras eu felis lectus. Ut eleifend laoreet magna ac suscipit. Nunc rhoncus diam non justo dapibus, eget dignissim mi blandit. Donec cursus metus sed erat mollis sodales. Proin pellentesque, ex et varius iaculis, elit felis malesuada eros, volutpat aliquam nibh elit nec risus.Nullam vestibulum risus a nisl sodales, sed lobortis lacus consectetur. Curabitur lacinia quis felis eu fringilla. Pellentesque sed quam sodales, bibendum ex ac, sagittis odio. Vestibulum gravida lectus et sem viverra blandit. Nullam finibus lobortis odio, vel varius erat iaculis in. Nullam mattis sapien sed ornare interdum. Quisque pharetra blandit urna, sit amet pretium magna sollicitudin at. Nunc fringilla arcu vitae lectus fringilla iaculis. In eleifend ligula vehicula fermentum ornare. Donec mauris leo, scelerisque vitae diam ut, porta convallis diam. Phasellus efficitur nisl sit amet convallis vehicula.Fusce vel orci in lorem posuere pellentesque. Aliquam et purus nec est porta finibus. Fusce condimentum massa a ante hendrerit, vel elementum arcu pellentesque. Proin luctus vehicula mollis. Donec porta sem a malesuada tincidunt. Interdum et malesuada fames ac ante ipsum primis in faucibus. Etiam tristique tellus vel dolor egestas bibendum. Proin eu dapibus massa. Duis aliquam ex nec interdum dapibus. Nunc sed felis nec ligula efficitur sollicitudin ac sit amet odio. Praesent ornare posuere neque nec vehicula. Duis magna sem, accumsan ut tempus commodo, commodo non nisi. Cras nibh nibh, commodo aliquet elit ac, finibus porta magna.Etiam dignissim, lacus a imperdiet eleifend, ligula nibh vehicula leo, ac hendrerit diam velit id sapien. Duis augue dui, efficitur vitae sapien in, posuere scelerisque nibh. Pellentesque tristique blandit sem ac interdum. Ut gravida condimentum tortor, id congue ipsum pellentesque sed. Phasellus vulputate sem et eros hendrerit imperdiet. Nunc mauris ipsum, egestas id lacinia id, dapibus et tellus. Nullam at bibendum erat, in fermentum enim. Morbi euismod pharetra neque eu facilisis. Nullam commodo, ex eu sagittis elementum, mi urna consectetur orci, vitae tempus mauris risus non velit. Morbi laoreet ex sapien, ac efficitur diam sollicitudin at. Aliquam eu massa in sem hendrerit consectetur quis nec eros. Sed maximus facilisis nulla, ac cursus metus auctor ac. Maecenas lacus nibh, dictum id augue vel, sodales vestibulum erat.', 1);
INSERT INTO public.Section (TITLE, CONTENT, ID_PAGE) VALUES('Section Test 6', 'Lorem ipsum dolor sit amet, consectetur adipiscing elit. Ut aliquam est eget semper euismod. Pellentesque at enim ac quam vestibulum sagittis. Quisque ullamcorper elit id justo sollicitudin, ut porttitor lectus viverra. Donec vitae risus accumsan, blandit lacus vitae, pulvinar sem. Phasellus porttitor quam eu massa lacinia condimentum. Cras faucibus magna sit amet purus malesuada, eu tincidunt quam varius. Pellentesque eu turpis ante. Quisque accumsan eros augue, in pellentesque nibh egestas a.Aenean facilisis non velit sit amet efficitur. Pellentesque luctus facilisis turpis sit amet feugiat. Quisque maximus auctor varius. Orci varius natoque penatibus et magnis dis parturient montes, nascetur ridiculus mus. Pellentesque habitant morbi tristique senectus et netus et malesuada fames ac turpis egestas. Phasellus facilisis orci nec scelerisque convallis. Mauris consectetur malesuada augue, at consequat lorem luctus at. Duis vitae turpis vel felis fermentum sodales. Cras eu felis lectus. Ut eleifend laoreet magna ac suscipit. Nunc rhoncus diam non justo dapibus, eget dignissim mi blandit. Donec cursus metus sed erat mollis sodales. Proin pellentesque, ex et varius iaculis, elit felis malesuada eros, volutpat aliquam nibh elit nec risus.Nullam vestibulum risus a nisl sodales, sed lobortis lacus consectetur. Curabitur lacinia quis felis eu fringilla. Pellentesque sed quam sodales, bibendum ex ac, sagittis odio. Vestibulum gravida lectus et sem viverra blandit. Nullam finibus lobortis odio, vel varius erat iaculis in. Nullam mattis sapien sed ornare interdum. Quisque pharetra blandit urna, sit amet pretium magna sollicitudin at. Nunc fringilla arcu vitae lectus fringilla iaculis. In eleifend ligula vehicula fermentum ornare. Donec mauris leo, scelerisque vitae diam ut, porta convallis diam. Phasellus efficitur nisl sit amet convallis vehicula.Fusce vel orci in lorem posuere pellentesque. Aliquam et purus nec est porta finibus. Fusce condimentum massa a ante hendrerit, vel elementum arcu pellentesque. Proin luctus vehicula mollis. Donec porta sem a malesuada tincidunt. Interdum et malesuada fames ac ante ipsum primis in faucibus. Etiam tristique tellus vel dolor egestas bibendum. Proin eu dapibus massa. Duis aliquam ex nec interdum dapibus. Nunc sed felis nec ligula efficitur sollicitudin ac sit amet odio. Praesent ornare posuere neque nec vehicula. Duis magna sem, accumsan ut tempus commodo, commodo non nisi. Cras nibh nibh, commodo aliquet elit ac, finibus porta magna.Etiam dignissim, lacus a imperdiet eleifend, ligula nibh vehicula leo, ac hendrerit diam velit id sapien. Duis augue dui, efficitur vitae sapien in, posuere scelerisque nibh. Pellentesque tristique blandit sem ac interdum. Ut gravida condimentum tortor, id congue ipsum pellentesque sed. Phasellus vulputate sem et eros hendrerit imperdiet. Nunc mauris ipsum, egestas id lacinia id, dapibus et tellus. Nullam at bibendum erat, in fermentum enim. Morbi euismod pharetra neque eu facilisis. Nullam commodo, ex eu sagittis elementum, mi urna consectetur orci, vitae tempus mauris risus non velit. Morbi laoreet ex sapien, ac efficitur diam sollicitudin at. Aliquam eu massa in sem hendrerit consectetur quis nec eros. Sed maximus facilisis nulla, ac cursus metus auctor ac. Maecenas lacus nibh, dictum id augue vel, sodales vestibulum erat.', 1);
INSERT INTO public.Section (TITLE, CONTENT, ID_PAGE) VALUES('Section Test 7', 'Lorem ipsum dolor sit amet, consectetur adipiscing elit. Ut aliquam est eget semper euismod. Pellentesque at enim ac quam vestibulum sagittis. Quisque ullamcorper elit id justo sollicitudin, ut porttitor lectus viverra. Donec vitae risus accumsan, blandit lacus vitae, pulvinar sem. Phasellus porttitor quam eu massa lacinia condimentum. Cras faucibus magna sit amet purus malesuada, eu tincidunt quam varius. Pellentesque eu turpis ante. Quisque accumsan eros augue, in pellentesque nibh egestas a.Aenean facilisis non velit sit amet efficitur. Pellentesque luctus facilisis turpis sit amet feugiat. Quisque maximus auctor varius. Orci varius natoque penatibus et magnis dis parturient montes, nascetur ridiculus mus. Pellentesque habitant morbi tristique senectus et netus et malesuada fames ac turpis egestas. Phasellus facilisis orci nec scelerisque convallis. Mauris consectetur malesuada augue, at consequat lorem luctus at. Duis vitae turpis vel felis fermentum sodales. Cras eu felis lectus. Ut eleifend laoreet magna ac suscipit. Nunc rhoncus diam non justo dapibus, eget dignissim mi blandit. Donec cursus metus sed erat mollis sodales. Proin pellentesque, ex et varius iaculis, elit felis malesuada eros, volutpat aliquam nibh elit nec risus.Nullam vestibulum risus a nisl sodales, sed lobortis lacus consectetur. Curabitur lacinia quis felis eu fringilla. Pellentesque sed quam sodales, bibendum ex ac, sagittis odio. Vestibulum gravida lectus et sem viverra blandit. Nullam finibus lobortis odio, vel varius erat iaculis in. Nullam mattis sapien sed ornare interdum. Quisque pharetra blandit urna, sit amet pretium magna sollicitudin at. Nunc fringilla arcu vitae lectus fringilla iaculis. In eleifend ligula vehicula fermentum ornare. Donec mauris leo, scelerisque vitae diam ut, porta convallis diam. Phasellus efficitur nisl sit amet convallis vehicula.Fusce vel orci in lorem posuere pellentesque. Aliquam et purus nec est porta finibus. Fusce condimentum massa a ante hendrerit, vel elementum arcu pellentesque. Proin luctus vehicula mollis. Donec porta sem a malesuada tincidunt. Interdum et malesuada fames ac ante ipsum primis in faucibus. Etiam tristique tellus vel dolor egestas bibendum. Proin eu dapibus massa. Duis aliquam ex nec interdum dapibus. Nunc sed felis nec ligula efficitur sollicitudin ac sit amet odio. Praesent ornare posuere neque nec vehicula. Duis magna sem, accumsan ut tempus commodo, commodo non nisi. Cras nibh nibh, commodo aliquet elit ac, finibus porta magna.Etiam dignissim, lacus a imperdiet eleifend, ligula nibh vehicula leo, ac hendrerit diam velit id sapien. Duis augue dui, efficitur vitae sapien in, posuere scelerisque nibh. Pellentesque tristique blandit sem ac interdum. Ut gravida condimentum tortor, id congue ipsum pellentesque sed. Phasellus vulputate sem et eros hendrerit imperdiet. Nunc mauris ipsum, egestas id lacinia id, dapibus et tellus. Nullam at bibendum erat, in fermentum enim. Morbi euismod pharetra neque eu facilisis. Nullam commodo, ex eu sagittis elementum, mi urna consectetur orci, vitae tempus mauris risus non velit. Morbi laoreet ex sapien, ac efficitur diam sollicitudin at. Aliquam eu massa in sem hendrerit consectetur quis nec eros. Sed maximus facilisis nulla, ac cursus metus auctor ac. Maecenas lacus nibh, dictum id augue vel, sodales vestibulum erat.', 1);
INSERT INTO public.Section (TITLE, CONTENT, ID_PAGE) VALUES('Section Test 8', 'Lorem ipsum dolor sit amet, consectetur adipiscing elit. Ut aliquam est eget semper euismod. Pellentesque at enim ac quam vestibulum sagittis. Quisque ullamcorper elit id justo sollicitudin, ut porttitor lectus viverra. Donec vitae risus accumsan, blandit lacus vitae, pulvinar sem. Phasellus porttitor quam eu massa lacinia condimentum. Cras faucibus magna sit amet purus malesuada, eu tincidunt quam varius. Pellentesque eu turpis ante. Quisque accumsan eros augue, in pellentesque nibh egestas a.Aenean facilisis non velit sit amet efficitur. Pellentesque luctus facilisis turpis sit amet feugiat. Quisque maximus auctor varius. Orci varius natoque penatibus et magnis dis parturient montes, nascetur ridiculus mus. Pellentesque habitant morbi tristique senectus et netus et malesuada fames ac turpis egestas. Phasellus facilisis orci nec scelerisque convallis. Mauris consectetur malesuada augue, at consequat lorem luctus at. Duis vitae turpis vel felis fermentum sodales. Cras eu felis lectus. Ut eleifend laoreet magna ac suscipit. Nunc rhoncus diam non justo dapibus, eget dignissim mi blandit. Donec cursus metus sed erat mollis sodales. Proin pellentesque, ex et varius iaculis, elit felis malesuada eros, volutpat aliquam nibh elit nec risus.Nullam vestibulum risus a nisl sodales, sed lobortis lacus consectetur. Curabitur lacinia quis felis eu fringilla. Pellentesque sed quam sodales, bibendum ex ac, sagittis odio. Vestibulum gravida lectus et sem viverra blandit. Nullam finibus lobortis odio, vel varius erat iaculis in. Nullam mattis sapien sed ornare interdum. Quisque pharetra blandit urna, sit amet pretium magna sollicitudin at. Nunc fringilla arcu vitae lectus fringilla iaculis. In eleifend ligula vehicula fermentum ornare. Donec mauris leo, scelerisque vitae diam ut, porta convallis diam. Phasellus efficitur nisl sit amet convallis vehicula.Fusce vel orci in lorem posuere pellentesque. Aliquam et purus nec est porta finibus. Fusce condimentum massa a ante hendrerit, vel elementum arcu pellentesque. Proin luctus vehicula mollis. Donec porta sem a malesuada tincidunt. Interdum et malesuada fames ac ante ipsum primis in faucibus. Etiam tristique tellus vel dolor egestas bibendum. Proin eu dapibus massa. Duis aliquam ex nec interdum dapibus. Nunc sed felis nec ligula efficitur sollicitudin ac sit amet odio. Praesent ornare posuere neque nec vehicula. Duis magna sem, accumsan ut tempus commodo, commodo non nisi. Cras nibh nibh, commodo aliquet elit ac, finibus porta magna.Etiam dignissim, lacus a imperdiet eleifend, ligula nibh vehicula leo, ac hendrerit diam velit id sapien. Duis augue dui, efficitur vitae sapien in, posuere scelerisque nibh. Pellentesque tristique blandit sem ac interdum. Ut gravida condimentum tortor, id congue ipsum pellentesque sed. Phasellus vulputate sem et eros hendrerit imperdiet. Nunc mauris ipsum, egestas id lacinia id, dapibus et tellus. Nullam at bibendum erat, in fermentum enim. Morbi euismod pharetra neque eu facilisis. Nullam commodo, ex eu sagittis elementum, mi urna consectetur orci, vitae tempus mauris risus non velit. Morbi laoreet ex sapien, ac efficitur diam sollicitudin at. Aliquam eu massa in sem hendrerit consectetur quis nec eros. Sed maximus facilisis nulla, ac cursus metus auctor ac. Maecenas lacus nibh, dictum id augue vel, sodales vestibulum erat.', 1);
INSERT INTO public.Section (TITLE, CONTENT, ID_PAGE) VALUES('Section Test 9', 'Lorem ipsum dolor sit amet, consectetur adipiscing elit. Ut aliquam est eget semper euismod. Pellentesque at enim ac quam vestibulum sagittis. Quisque ullamcorper elit id justo sollicitudin, ut porttitor lectus viverra. Donec vitae risus accumsan, blandit lacus vitae, pulvinar sem. Phasellus porttitor quam eu massa lacinia condimentum. Cras faucibus magna sit amet purus malesuada, eu tincidunt quam varius. Pellentesque eu turpis ante. Quisque accumsan eros augue, in pellentesque nibh egestas a.Aenean facilisis non velit sit amet efficitur. Pellentesque luctus facilisis turpis sit amet feugiat. Quisque maximus auctor varius. Orci varius natoque penatibus et magnis dis parturient montes, nascetur ridiculus mus. Pellentesque habitant morbi tristique senectus et netus et malesuada fames ac turpis egestas. Phasellus facilisis orci nec scelerisque convallis. Mauris consectetur malesuada augue, at consequat lorem luctus at. Duis vitae turpis vel felis fermentum sodales. Cras eu felis lectus. Ut eleifend laoreet magna ac suscipit. Nunc rhoncus diam non justo dapibus, eget dignissim mi blandit. Donec cursus metus sed erat mollis sodales. Proin pellentesque, ex et varius iaculis, elit felis malesuada eros, volutpat aliquam nibh elit nec risus.Nullam vestibulum risus a nisl sodales, sed lobortis lacus consectetur. Curabitur lacinia quis felis eu fringilla. Pellentesque sed quam sodales, bibendum ex ac, sagittis odio. Vestibulum gravida lectus et sem viverra blandit. Nullam finibus lobortis odio, vel varius erat iaculis in. Nullam mattis sapien sed ornare interdum. Quisque pharetra blandit urna, sit amet pretium magna sollicitudin at. Nunc fringilla arcu vitae lectus fringilla iaculis. In eleifend ligula vehicula fermentum ornare. Donec mauris leo, scelerisque vitae diam ut, porta convallis diam. Phasellus efficitur nisl sit amet convallis vehicula.Fusce vel orci in lorem posuere pellentesque. Aliquam et purus nec est porta finibus. Fusce condimentum massa a ante hendrerit, vel elementum arcu pellentesque. Proin luctus vehicula mollis. Donec porta sem a malesuada tincidunt. Interdum et malesuada fames ac ante ipsum primis in faucibus. Etiam tristique tellus vel dolor egestas bibendum. Proin eu dapibus massa. Duis aliquam ex nec interdum dapibus. Nunc sed felis nec ligula efficitur sollicitudin ac sit amet odio. Praesent ornare posuere neque nec vehicula. Duis magna sem, accumsan ut tempus commodo, commodo non nisi. Cras nibh nibh, commodo aliquet elit ac, finibus porta magna.Etiam dignissim, lacus a imperdiet eleifend, ligula nibh vehicula leo, ac hendrerit diam velit id sapien. Duis augue dui, efficitur vitae sapien in, posuere scelerisque nibh. Pellentesque tristique blandit sem ac interdum. Ut gravida condimentum tortor, id congue ipsum pellentesque sed. Phasellus vulputate sem et eros hendrerit imperdiet. Nunc mauris ipsum, egestas id lacinia id, dapibus et tellus. Nullam at bibendum erat, in fermentum enim. Morbi euismod pharetra neque eu facilisis. Nullam commodo, ex eu sagittis elementum, mi urna consectetur orci, vitae tempus mauris risus non velit. Morbi laoreet ex sapien, ac efficitur diam sollicitudin at. Aliquam eu massa in sem hendrerit consectetur quis nec eros. Sed maximus facilisis nulla, ac cursus metus auctor ac. Maecenas lacus nibh, dictum id augue vel, sodales vestibulum erat.', 1);
INSERT INTO public.Section (TITLE, CONTENT, ID_PAGE) VALUES('Section Test 10', 'Lorem ipsum dolor sit amet, consectetur adipiscing elit. Ut aliquam est eget semper euismod. Pellentesque at enim ac quam vestibulum sagittis. Quisque ullamcorper elit id justo sollicitudin, ut porttitor lectus viverra. Donec vitae risus accumsan, blandit lacus vitae, pulvinar sem. Phasellus porttitor quam eu massa lacinia condimentum. Cras faucibus magna sit amet purus malesuada, eu tincidunt quam varius. Pellentesque eu turpis ante. Quisque accumsan eros augue, in pellentesque nibh egestas a.Aenean facilisis non velit sit amet efficitur. Pellentesque luctus facilisis turpis sit amet feugiat. Quisque maximus auctor varius. Orci varius natoque penatibus et magnis dis parturient montes, nascetur ridiculus mus. Pellentesque habitant morbi tristique senectus et netus et malesuada fames ac turpis egestas. Phasellus facilisis orci nec scelerisque convallis. Mauris consectetur malesuada augue, at consequat lorem luctus at. Duis vitae turpis vel felis fermentum sodales. Cras eu felis lectus. Ut eleifend laoreet magna ac suscipit. Nunc rhoncus diam non justo dapibus, eget dignissim mi blandit. Donec cursus metus sed erat mollis sodales. Proin pellentesque, ex et varius iaculis, elit felis malesuada eros, volutpat aliquam nibh elit nec risus.Nullam vestibulum risus a nisl sodales, sed lobortis lacus consectetur. Curabitur lacinia quis felis eu fringilla. Pellentesque sed quam sodales, bibendum ex ac, sagittis odio. Vestibulum gravida lectus et sem viverra blandit. Nullam finibus lobortis odio, vel varius erat iaculis in. Nullam mattis sapien sed ornare interdum. Quisque pharetra blandit urna, sit amet pretium magna sollicitudin at. Nunc fringilla arcu vitae lectus fringilla iaculis. In eleifend ligula vehicula fermentum ornare. Donec mauris leo, scelerisque vitae diam ut, porta convallis diam. Phasellus efficitur nisl sit amet convallis vehicula.Fusce vel orci in lorem posuere pellentesque. Aliquam et purus nec est porta finibus. Fusce condimentum massa a ante hendrerit, vel elementum arcu pellentesque. Proin luctus vehicula mollis. Donec porta sem a malesuada tincidunt. Interdum et malesuada fames ac ante ipsum primis in faucibus. Etiam tristique tellus vel dolor egestas bibendum. Proin eu dapibus massa. Duis aliquam ex nec interdum dapibus. Nunc sed felis nec ligula efficitur sollicitudin ac sit amet odio. Praesent ornare posuere neque nec vehicula. Duis magna sem, accumsan ut tempus commodo, commodo non nisi. Cras nibh nibh, commodo aliquet elit ac, finibus porta magna.Etiam dignissim, lacus a imperdiet eleifend, ligula nibh vehicula leo, ac hendrerit diam velit id sapien. Duis augue dui, efficitur vitae sapien in, posuere scelerisque nibh. Pellentesque tristique blandit sem ac interdum. Ut gravida condimentum tortor, id congue ipsum pellentesque sed. Phasellus vulputate sem et eros hendrerit imperdiet. Nunc mauris ipsum, egestas id lacinia id, dapibus et tellus. Nullam at bibendum erat, in fermentum enim. Morbi euismod pharetra neque eu facilisis. Nullam commodo, ex eu sagittis elementum, mi urna consectetur orci, vitae tempus mauris risus non velit. Morbi laoreet ex sapien, ac efficitur diam sollicitudin at. Aliquam eu massa in sem hendrerit consectetur quis nec eros. Sed maximus facilisis nulla, ac cursus metus auctor ac. Maecenas lacus nibh, dictum id augue vel, sodales vestibulum erat.', 1);
INSERT INTO public.Section (TITLE, CONTENT, ID_PAGE) VALUES('Section Test 11', 'Lorem ipsum dolor sit amet, consectetur adipiscing elit. Ut aliquam est eget semper euismod. Pellentesque at enim ac quam vestibulum sagittis. Quisque ullamcorper elit id justo sollicitudin, ut porttitor lectus viverra. Donec vitae risus accumsan, blandit lacus vitae, pulvinar sem. Phasellus porttitor quam eu massa lacinia condimentum. Cras faucibus magna sit amet purus malesuada, eu tincidunt quam varius. Pellentesque eu turpis ante. Quisque accumsan eros augue, in pellentesque nibh egestas a.Aenean facilisis non velit sit amet efficitur. Pellentesque luctus facilisis turpis sit amet feugiat. Quisque maximus auctor varius. Orci varius natoque penatibus et magnis dis parturient montes, nascetur ridiculus mus. Pellentesque habitant morbi tristique senectus et netus et malesuada fames ac turpis egestas. Phasellus facilisis orci nec scelerisque convallis. Mauris consectetur malesuada augue, at consequat lorem luctus at. Duis vitae turpis vel felis fermentum sodales. Cras eu felis lectus. Ut eleifend laoreet magna ac suscipit. Nunc rhoncus diam non justo dapibus, eget dignissim mi blandit. Donec cursus metus sed erat mollis sodales. Proin pellentesque, ex et varius iaculis, elit felis malesuada eros, volutpat aliquam nibh elit nec risus.Nullam vestibulum risus a nisl sodales, sed lobortis lacus consectetur. Curabitur lacinia quis felis eu fringilla. Pellentesque sed quam sodales, bibendum ex ac, sagittis odio. Vestibulum gravida lectus et sem viverra blandit. Nullam finibus lobortis odio, vel varius erat iaculis in. Nullam mattis sapien sed ornare interdum. Quisque pharetra blandit urna, sit amet pretium magna sollicitudin at. Nunc fringilla arcu vitae lectus fringilla iaculis. In eleifend ligula vehicula fermentum ornare. Donec mauris leo, scelerisque vitae diam ut, porta convallis diam. Phasellus efficitur nisl sit amet convallis vehicula.Fusce vel orci in lorem posuere pellentesque. Aliquam et purus nec est porta finibus. Fusce condimentum massa a ante hendrerit, vel elementum arcu pellentesque. Proin luctus vehicula mollis. Donec porta sem a malesuada tincidunt. Interdum et malesuada fames ac ante ipsum primis in faucibus. Etiam tristique tellus vel dolor egestas bibendum. Proin eu dapibus massa. Duis aliquam ex nec interdum dapibus. Nunc sed felis nec ligula efficitur sollicitudin ac sit amet odio. Praesent ornare posuere neque nec vehicula. Duis magna sem, accumsan ut tempus commodo, commodo non nisi. Cras nibh nibh, commodo aliquet elit ac, finibus porta magna.Etiam dignissim, lacus a imperdiet eleifend, ligula nibh vehicula leo, ac hendrerit diam velit id sapien. Duis augue dui, efficitur vitae sapien in, posuere scelerisque nibh. Pellentesque tristique blandit sem ac interdum. Ut gravida condimentum tortor, id congue ipsum pellentesque sed. Phasellus vulputate sem et eros hendrerit imperdiet. Nunc mauris ipsum, egestas id lacinia id, dapibus et tellus. Nullam at bibendum erat, in fermentum enim. Morbi euismod pharetra neque eu facilisis. Nullam commodo, ex eu sagittis elementum, mi urna consectetur orci, vitae tempus mauris risus non velit. Morbi laoreet ex sapien, ac efficitur diam sollicitudin at. Aliquam eu massa in sem hendrerit consectetur quis nec eros. Sed maximus facilisis nulla, ac cursus metus auctor ac. Maecenas lacus nibh, dictum id augue vel, sodales vestibulum erat.', 1);
INSERT INTO public.Section (TITLE, CONTENT, ID_PAGE) VALUES('Section Test 12', 'Lorem ipsum dolor sit amet, consectetur adipiscing elit. Ut aliquam est eget semper euismod. Pellentesque at enim ac quam vestibulum sagittis. Quisque ullamcorper elit id justo sollicitudin, ut porttitor lectus viverra. Donec vitae risus accumsan, blandit lacus vitae, pulvinar sem. Phasellus porttitor quam eu massa lacinia condimentum. Cras faucibus magna sit amet purus malesuada, eu tincidunt quam varius. Pellentesque eu turpis ante. Quisque accumsan eros augue, in pellentesque nibh egestas a.Aenean facilisis non velit sit amet efficitur. Pellentesque luctus facilisis turpis sit amet feugiat. Quisque maximus auctor varius. Orci varius natoque penatibus et magnis dis parturient montes, nascetur ridiculus mus. Pellentesque habitant morbi tristique senectus et netus et malesuada fames ac turpis egestas. Phasellus facilisis orci nec scelerisque convallis. Mauris consectetur malesuada augue, at consequat lorem luctus at. Duis vitae turpis vel felis fermentum sodales. Cras eu felis lectus. Ut eleifend laoreet magna ac suscipit. Nunc rhoncus diam non justo dapibus, eget dignissim mi blandit. Donec cursus metus sed erat mollis sodales. Proin pellentesque, ex et varius iaculis, elit felis malesuada eros, volutpat aliquam nibh elit nec risus.Nullam vestibulum risus a nisl sodales, sed lobortis lacus consectetur. Curabitur lacinia quis felis eu fringilla. Pellentesque sed quam sodales, bibendum ex ac, sagittis odio. Vestibulum gravida lectus et sem viverra blandit. Nullam finibus lobortis odio, vel varius erat iaculis in. Nullam mattis sapien sed ornare interdum. Quisque pharetra blandit urna, sit amet pretium magna sollicitudin at. Nunc fringilla arcu vitae lectus fringilla iaculis. In eleifend ligula vehicula fermentum ornare. Donec mauris leo, scelerisque vitae diam ut, porta convallis diam. Phasellus efficitur nisl sit amet convallis vehicula.Fusce vel orci in lorem posuere pellentesque. Aliquam et purus nec est porta finibus. Fusce condimentum massa a ante hendrerit, vel elementum arcu pellentesque. Proin luctus vehicula mollis. Donec porta sem a malesuada tincidunt. Interdum et malesuada fames ac ante ipsum primis in faucibus. Etiam tristique tellus vel dolor egestas bibendum. Proin eu dapibus massa. Duis aliquam ex nec interdum dapibus. Nunc sed felis nec ligula efficitur sollicitudin ac sit amet odio. Praesent ornare posuere neque nec vehicula. Duis magna sem, accumsan ut tempus commodo, commodo non nisi. Cras nibh nibh, commodo aliquet elit ac, finibus porta magna.Etiam dignissim, lacus a imperdiet eleifend, ligula nibh vehicula leo, ac hendrerit diam velit id sapien. Duis augue dui, efficitur vitae sapien in, posuere scelerisque nibh. Pellentesque tristique blandit sem ac interdum. Ut gravida condimentum tortor, id congue ipsum pellentesque sed. Phasellus vulputate sem et eros hendrerit imperdiet. Nunc mauris ipsum, egestas id lacinia id, dapibus et tellus. Nullam at bibendum erat, in fermentum enim. Morbi euismod pharetra neque eu facilisis. Nullam commodo, ex eu sagittis elementum, mi urna consectetur orci, vitae tempus mauris risus non velit. Morbi laoreet ex sapien, ac efficitur diam sollicitudin at. Aliquam eu massa in sem hendrerit consectetur quis nec eros. Sed maximus facilisis nulla, ac cursus metus auctor ac. Maecenas lacus nibh, dictum id augue vel, sodales vestibulum erat.', 1);
INSERT INTO public.Section (TITLE, CONTENT, ID_PAGE) VALUES('Section Test 13', 'Lorem ipsum dolor sit amet, consectetur adipiscing elit. Ut aliquam est eget semper euismod. Pellentesque at enim ac quam vestibulum sagittis. Quisque ullamcorper elit id justo sollicitudin, ut porttitor lectus viverra. Donec vitae risus accumsan, blandit lacus vitae, pulvinar sem. Phasellus porttitor quam eu massa lacinia condimentum. Cras faucibus magna sit amet purus malesuada, eu tincidunt quam varius. Pellentesque eu turpis ante. Quisque accumsan eros augue, in pellentesque nibh egestas a.Aenean facilisis non velit sit amet efficitur. Pellentesque luctus facilisis turpis sit amet feugiat. Quisque maximus auctor varius. Orci varius natoque penatibus et magnis dis parturient montes, nascetur ridiculus mus. Pellentesque habitant morbi tristique senectus et netus et malesuada fames ac turpis egestas. Phasellus facilisis orci nec scelerisque convallis. Mauris consectetur malesuada augue, at consequat lorem luctus at. Duis vitae turpis vel felis fermentum sodales. Cras eu felis lectus. Ut eleifend laoreet magna ac suscipit. Nunc rhoncus diam non justo dapibus, eget dignissim mi blandit. Donec cursus metus sed erat mollis sodales. Proin pellentesque, ex et varius iaculis, elit felis malesuada eros, volutpat aliquam nibh elit nec risus.Nullam vestibulum risus a nisl sodales, sed lobortis lacus consectetur. Curabitur lacinia quis felis eu fringilla. Pellentesque sed quam sodales, bibendum ex ac, sagittis odio. Vestibulum gravida lectus et sem viverra blandit. Nullam finibus lobortis odio, vel varius erat iaculis in. Nullam mattis sapien sed ornare interdum. Quisque pharetra blandit urna, sit amet pretium magna sollicitudin at. Nunc fringilla arcu vitae lectus fringilla iaculis. In eleifend ligula vehicula fermentum ornare. Donec mauris leo, scelerisque vitae diam ut, porta convallis diam. Phasellus efficitur nisl sit amet convallis vehicula.Fusce vel orci in lorem posuere pellentesque. Aliquam et purus nec est porta finibus. Fusce condimentum massa a ante hendrerit, vel elementum arcu pellentesque. Proin luctus vehicula mollis. Donec porta sem a malesuada tincidunt. Interdum et malesuada fames ac ante ipsum primis in faucibus. Etiam tristique tellus vel dolor egestas bibendum. Proin eu dapibus massa. Duis aliquam ex nec interdum dapibus. Nunc sed felis nec ligula efficitur sollicitudin ac sit amet odio. Praesent ornare posuere neque nec vehicula. Duis magna sem, accumsan ut tempus commodo, commodo non nisi. Cras nibh nibh, commodo aliquet elit ac, finibus porta magna.Etiam dignissim, lacus a imperdiet eleifend, ligula nibh vehicula leo, ac hendrerit diam velit id sapien. Duis augue dui, efficitur vitae sapien in, posuere scelerisque nibh. Pellentesque tristique blandit sem ac interdum. Ut gravida condimentum tortor, id congue ipsum pellentesque sed. Phasellus vulputate sem et eros hendrerit imperdiet. Nunc mauris ipsum, egestas id lacinia id, dapibus et tellus. Nullam at bibendum erat, in fermentum enim. Morbi euismod pharetra neque eu facilisis. Nullam commodo, ex eu sagittis elementum, mi urna consectetur orci, vitae tempus mauris risus non velit. Morbi laoreet ex sapien, ac efficitur diam sollicitudin at. Aliquam eu massa in sem hendrerit consectetur quis nec eros. Sed maximus facilisis nulla, ac cursus metus auctor ac. Maecenas lacus nibh, dictum id augue vel, sodales vestibulum erat.', 1);
INSERT INTO public.Section (TITLE, CONTENT, ID_PAGE) VALUES('Section Test 14', 'Lorem ipsum dolor sit amet, consectetur adipiscing elit. Ut aliquam est eget semper euismod. Pellentesque at enim ac quam vestibulum sagittis. Quisque ullamcorper elit id justo sollicitudin, ut porttitor lectus viverra. Donec vitae risus accumsan, blandit lacus vitae, pulvinar sem. Phasellus porttitor quam eu massa lacinia condimentum. Cras faucibus magna sit amet purus malesuada, eu tincidunt quam varius. Pellentesque eu turpis ante. Quisque accumsan eros augue, in pellentesque nibh egestas a.Aenean facilisis non velit sit amet efficitur. Pellentesque luctus facilisis turpis sit amet feugiat. Quisque maximus auctor varius. Orci varius natoque penatibus et magnis dis parturient montes, nascetur ridiculus mus. Pellentesque habitant morbi tristique senectus et netus et malesuada fames ac turpis egestas. Phasellus facilisis orci nec scelerisque convallis. Mauris consectetur malesuada augue, at consequat lorem luctus at. Duis vitae turpis vel felis fermentum sodales. Cras eu felis lectus. Ut eleifend laoreet magna ac suscipit. Nunc rhoncus diam non justo dapibus, eget dignissim mi blandit. Donec cursus metus sed erat mollis sodales. Proin pellentesque, ex et varius iaculis, elit felis malesuada eros, volutpat aliquam nibh elit nec risus.Nullam vestibulum risus a nisl sodales, sed lobortis lacus consectetur. Curabitur lacinia quis felis eu fringilla. Pellentesque sed quam sodales, bibendum ex ac, sagittis odio. Vestibulum gravida lectus et sem viverra blandit. Nullam finibus lobortis odio, vel varius erat iaculis in. Nullam mattis sapien sed ornare interdum. Quisque pharetra blandit urna, sit amet pretium magna sollicitudin at. Nunc fringilla arcu vitae lectus fringilla iaculis. In eleifend ligula vehicula fermentum ornare. Donec mauris leo, scelerisque vitae diam ut, porta convallis diam. Phasellus efficitur nisl sit amet convallis vehicula.Fusce vel orci in lorem posuere pellentesque. Aliquam et purus nec est porta finibus. Fusce condimentum massa a ante hendrerit, vel elementum arcu pellentesque. Proin luctus vehicula mollis. Donec porta sem a malesuada tincidunt. Interdum et malesuada fames ac ante ipsum primis in faucibus. Etiam tristique tellus vel dolor egestas bibendum. Proin eu dapibus massa. Duis aliquam ex nec interdum dapibus. Nunc sed felis nec ligula efficitur sollicitudin ac sit amet odio. Praesent ornare posuere neque nec vehicula. Duis magna sem, accumsan ut tempus commodo, commodo non nisi. Cras nibh nibh, commodo aliquet elit ac, finibus porta magna.Etiam dignissim, lacus a imperdiet eleifend, ligula nibh vehicula leo, ac hendrerit diam velit id sapien. Duis augue dui, efficitur vitae sapien in, posuere scelerisque nibh. Pellentesque tristique blandit sem ac interdum. Ut gravida condimentum tortor, id congue ipsum pellentesque sed. Phasellus vulputate sem et eros hendrerit imperdiet. Nunc mauris ipsum, egestas id lacinia id, dapibus et tellus. Nullam at bibendum erat, in fermentum enim. Morbi euismod pharetra neque eu facilisis. Nullam commodo, ex eu sagittis elementum, mi urna consectetur orci, vitae tempus mauris risus non velit. Morbi laoreet ex sapien, ac efficitur diam sollicitudin at. Aliquam eu massa in sem hendrerit consectetur quis nec eros. Sed maximus facilisis nulla, ac cursus metus auctor ac. Maecenas lacus nibh, dictum id augue vel, sodales vestibulum erat.', 1);
INSERT INTO public.Section (TITLE, CONTENT, ID_PAGE) VALUES('Section Test 15', 'Lorem ipsum dolor sit amet, consectetur adipiscing elit. Ut aliquam est eget semper euismod. Pellentesque at enim ac quam vestibulum sagittis. Quisque ullamcorper elit id justo sollicitudin, ut porttitor lectus viverra. Donec vitae risus accumsan, blandit lacus vitae, pulvinar sem. Phasellus porttitor quam eu massa lacinia condimentum. Cras faucibus magna sit amet purus malesuada, eu tincidunt quam varius. Pellentesque eu turpis ante. Quisque accumsan eros augue, in pellentesque nibh egestas a.Aenean facilisis non velit sit amet efficitur. Pellentesque luctus facilisis turpis sit amet feugiat. Quisque maximus auctor varius. Orci varius natoque penatibus et magnis dis parturient montes, nascetur ridiculus mus. Pellentesque habitant morbi tristique senectus et netus et malesuada fames ac turpis egestas. Phasellus facilisis orci nec scelerisque convallis. Mauris consectetur malesuada augue, at consequat lorem luctus at. Duis vitae turpis vel felis fermentum sodales. Cras eu felis lectus. Ut eleifend laoreet magna ac suscipit. Nunc rhoncus diam non justo dapibus, eget dignissim mi blandit. Donec cursus metus sed erat mollis sodales. Proin pellentesque, ex et varius iaculis, elit felis malesuada eros, volutpat aliquam nibh elit nec risus.Nullam vestibulum risus a nisl sodales, sed lobortis lacus consectetur. Curabitur lacinia quis felis eu fringilla. Pellentesque sed quam sodales, bibendum ex ac, sagittis odio. Vestibulum gravida lectus et sem viverra blandit. Nullam finibus lobortis odio, vel varius erat iaculis in. Nullam mattis sapien sed ornare interdum. Quisque pharetra blandit urna, sit amet pretium magna sollicitudin at. Nunc fringilla arcu vitae lectus fringilla iaculis. In eleifend ligula vehicula fermentum ornare. Donec mauris leo, scelerisque vitae diam ut, porta convallis diam. Phasellus efficitur nisl sit amet convallis vehicula.Fusce vel orci in lorem posuere pellentesque. Aliquam et purus nec est porta finibus. Fusce condimentum massa a ante hendrerit, vel elementum arcu pellentesque. Proin luctus vehicula mollis. Donec porta sem a malesuada tincidunt. Interdum et malesuada fames ac ante ipsum primis in faucibus. Etiam tristique tellus vel dolor egestas bibendum. Proin eu dapibus massa. Duis aliquam ex nec interdum dapibus. Nunc sed felis nec ligula efficitur sollicitudin ac sit amet odio. Praesent ornare posuere neque nec vehicula. Duis magna sem, accumsan ut tempus commodo, commodo non nisi. Cras nibh nibh, commodo aliquet elit ac, finibus porta magna.Etiam dignissim, lacus a imperdiet eleifend, ligula nibh vehicula leo, ac hendrerit diam velit id sapien. Duis augue dui, efficitur vitae sapien in, posuere scelerisque nibh. Pellentesque tristique blandit sem ac interdum. Ut gravida condimentum tortor, id congue ipsum pellentesque sed. Phasellus vulputate sem et eros hendrerit imperdiet. Nunc mauris ipsum, egestas id lacinia id, dapibus et tellus. Nullam at bibendum erat, in fermentum enim. Morbi euismod pharetra neque eu facilisis. Nullam commodo, ex eu sagittis elementum, mi urna consectetur orci, vitae tempus mauris risus non velit. Morbi laoreet ex sapien, ac efficitur diam sollicitudin at. Aliquam eu massa in sem hendrerit consectetur quis nec eros. Sed maximus facilisis nulla, ac cursus metus auctor ac. Maecenas lacus nibh, dictum id augue vel, sodales vestibulum erat.', 1);
INSERT INTO public.Section (TITLE, CONTENT, ID_PAGE) VALUES('Rotation', 'Le Soleil tourne également sur lui-même, avec une période de 27 jours terrestres environ. En réalité, n’étant pas un objet solide, il subit une rotation différentielle : il tourne plus rapidement à l’équateur (25 jours) qu’aux pôles (35 jours). Déduite des modes de vibration de gravité, la vitesse de rotation du cœur a pu aussi être déterminée : un tour par semaine environ, soit 3,8 fois plus vite que les couches extérieures et intermédiaires20,21.\n\nLe Soleil est également en translation autour du barycentre du Système solaire, ce dernier pouvant se situer à un peu plus d’un rayon solaire du centre de l’étoile (hors de sa surface)22, en raison de la masse de Jupiter (environ un millième de la masse solaire).', 5);
INSERT INTO public.Section (TITLE, CONTENT, ID_PAGE) VALUES('Grandes dates', 'La plus ancienne éclipse solaire répertoriée date de 1223 av. J.-C.23, elle est représentée sur une table d’argile dans la cité d’Ougarit (aujourd’hui en Syrie). Vers 800 av. J.-C., a eu lieu la première observation plausible d’une tache solaire en Chine. Environ 400 ans après, les premières civilisations pensaient que la Terre était plate et que le Soleil était un dieu.\n\nLe philosophe grec Anaxagore avance l’idée que le Soleil est un corps grand, éloigné de la Terre. Il estime son rayon à 56 km. Ses idées vont à l’encontre des croyances de son temps, ce qui lui vaut d’être menacé puis finalement exilé d’Athènes.\n\nLa première tentative de calcul mathématique de la distance Terre-Soleil est faite en 250 av. J.-C., par Aristarque de Samos. Claude Ptolémée déclare en 150 apr. J.-C., que la Terre est un corps stationnaire au centre de l’Univers. Selon lui, ce sont le Soleil, la Lune et les autres planètes qui tournent autour de la Terre.\n\nPlus proche de notre époque, en 1543 (Des révolutions des sphères célestes), Copernic présente son modèle d’Univers dans lequel le Soleil est au centre et les planètes tournent autour de lui.\n\nEn 1610, Scheiner et Galilée observent indépendamment les taches solaires avec leurs lunettes astronomiques.\n\nPeu de temps après, en 1644, Descartes énonce une théorie selon laquelle le Soleil est une étoile parmi bien d’autres. Entre 1645 et 1715, se trouve la période durant laquelle on observa peu de taches solaires ; on appelle cette période « le minimum de Maunder ».\n\nL’astronome français Pierre-Simon de Laplace énonce en 1796, l’hypothèse de la nébuleuse selon laquelle le Soleil et le Système solaire sont nés de l’effondrement gravitationnel d’un grand nuage de gaz diffus.\n\nEn 1811, le physicien et astronome français François Arago établit la nature gazeuse de la surface du Soleil, en montrant que la lumière émise depuis celle-ci nʼest pas polarisée24.\n\nC’est en 1845 que la première image du Soleil fut prise, par les physiciens français Hippolyte Fizeau et Léon Foucault. La première relation entre l’activité solaire et géomagnétique eut lieu en 1852 (première observation en 1859 par l’astronome amateur Richard Carrington).\n\nL’observation de lʼéclipse solaire totale de 186025 permet le premier enregistrement d’une éjection de masse coronale.\n\nAu siècle dernier, en 1908, eut lieu le premier enregistrement des champs magnétiques des taches solaires par l’astronome américain George Ellery Hale. Onze ans après, en 1919, les lois de la polarité de Hale fournissent une preuve du cycle magnétique solaire. En 1942 fut observée pour la première fois une émission d’ondes radio solaires, puis en 1946 fut faite la première observation de rayons ultraviolets (UV) solaires à l’aide d’une fusée sonde, et évaluée la température de la couronne à 2 millions de °C, à l’aide des raies spectrales. La première observation des rayons X solaires à l’aide d’une fusée sonde date de 1949. En 1954, on s’aperçoit que l’intensité des rayons provenant du Soleil varie sur un cycle solaire de 11 ans. Une observation massive de taches solaires est réalisée en 1956. Une première observation du vent solaire en 1963, par la sonde Mariner 2. En 1973 et 1974, Skylab observe le Soleil et découvre les trous coronaires. En 1982 a lieu la première observation des neutrons d’une tache solaire par la sonde SMM (Solar Maximum Mission). En 1994 et 1995, Ulysses (sonde lancée par la navette Discovery en 1990) survole les régions polaires du Soleil.', 5);
INSERT INTO public.Section (TITLE, CONTENT, ID_PAGE) VALUES('Éruptions solaires', 'Une éruption solaire ou tempête solaire est un événement primordial de lʼactivité du Soleil. La variation du nombre dʼéruptions solaires permet de définir un cycle solaire dʼune période moyenne de 11,2 ans. Les éruptions solaires suivent trois stades, chacun dʼeux pouvant durer de quelques secondes à quelques heures selon lʼintensité de lʼéruption.', 5);
INSERT INTO public.Section (TITLE, CONTENT, ID_PAGE) VALUES('Atmosphère', 'La structure du Soleil au-delà de la photosphère est généralement connue sous le nom d’atmosphère solaire. Elle comprend trois zones principales : la chromosphère, la couronne et l’héliosphère. La chromosphère est séparée de la photosphère par la zone de température minimum et de la couronne par une zone de transition. L’héliosphère s’étend jusqu’aux confins du Système solaire où elle est limitée par l’héliopause. Pour une raison encore mal élucidée, la chromosphère et la couronne sont plus chaudes que la surface du Soleil. Bien qu’elle puisse être étudiée en détail par les télescopes spectroscopiques, l’atmosphère solaire n’est jamais aussi accessible que lors des éclipses totales de Soleil.', 5);
INSERT INTO public.Section (TITLE, CONTENT, ID_PAGE) VALUES('Biographie', 'Fils dʼHuguette Clerc (1920-2007), alors employée de crèmerie1, et de Léon Smet (1908-1989)a, artiste de cabaret belgeb,4,5, Jean-Philippe6 Léo Smet7 naît à la clinique Villa Marie-Louise située 3, cité Malesherbes dans le 9e arrondissement de Paris, le 15 juin 19438.\n\nÀ sa naissance, Jean-Philippe porte le nom de sa mère, Clerc, car Léon Smet ne lʼa pas reconnu et, début 1944, abandonne sa compagne et son fils, âgé de huit mois. À la demande dʼHuguette, le couple se reforme le temps dʼun contrat de mariage et dʼune reconnaissance en paternité, le 7 septembre 19449 ; dès lors, lʼenfant se nomme officiellement Jean-Philippe Smet. Avant le jour de son baptême, célébré le 10 septembre 1944 en lʼéglise de la Sainte-Trinité à Paris10, Léon et Huguette Smet demandent au second époux de Jacqueline Harpet (elle-même deuxième épouse de Léon Smet), lʼhomme de radio Alain Trutat, dʼêtre le parrain de leur fils11, et à une nièce de Léon Smet, Menen Mar, dʼêtre sa marraine12.\n\nPeu après, Léon Smet part définitivement13. Huguette Clerc reprend après la naissance de Jean-Philippe une activité professionnelle, devenant mannequin de cabine pour des couturiers14,15,c. Son métier lui laissant peu de temps, elle confie son enfant à sa belle-sœur Hélène Mar19,d. Cette dernière devient pour lʼenfant une figure maternelle de substitutione, aidée de ses filles Desta et Menen.', 3);
INSERT INTO public.Section (TITLE, CONTENT, ID_PAGE) VALUES('Débuts musicaux (1957-1960)', 'Johnny commence sa carrière avec le soutien de ses proches, notamment de Lee Halliday, son premier mentor-pygmalion et agent artistique qui le produit. Convaincu que cette musique peut sʼimposer en France, Lee Halliday fait envoyer dʼAmérique, par sa famille, des disques de rock qui permettent à Johnny de faire son apprentissage. Il devient dans le même temps possesseur dʼune collection de disques alors inconnus en France. Eddy Mitchell se souvient à ce propos : « Johnny avait beaucoup de disques américains quʼon ne pouvait pas acheter en Europe, ce qui me permettait dʼécouter tout ce que je ne pouvais pas écouter autrement, si bien quʼon passait souvent des après-midi et des soirées à écouter Presley, Bill Haley et des tas dʼautres trucs qui nʼétaient pas encore disponibles chez nous', 3);
INSERT INTO public.Section (TITLE, CONTENT, ID_PAGE) VALUES('Années Vogue (1960-1961)', 'Le 16 janvier 1960, Johnny, encore et pour peu de temps « Halliday », signe un contrat avec Voguek. Sa première prestation pour la maison de disques a lieu à Namur, en Belgique, où, avec Jean-Jacques Debout (également chez Vogue), il participe à un show radiophonique38.\n\nLe 12 février, il est en studio et sous la direction de Léo Petit39, il enregistre en sʼaccompagnant à la guitare et en prise directe, quatre chansons40.\n\nSon premier super 45 tours41, sort le 14 mars. Sur la pochette, son nom est, par erreur, orthographié avec deux « y », graphie qui est, alors, définitivement adoptée42,43. Tʼaimer follement (titre également chanté par Dalida à la même période44), est la chanson promue. Lʼaccueil des radios est très défavorable, voire franchement hostile. Johnny provoque un choc de générations et seule lʼémission Salut les copains, quotidiennement programmée sur Europe No 1, fait figure dʼexception ; dès la parution du disque le chanteur est largement soutenu par les présentateurs Daniel Filipacchi et Frank Ténot45.', 3);
INSERT INTO public.Section (TITLE, CONTENT, ID_PAGE) VALUES('Historique', 'Créé en 1968 au sein du Conservatoire national des arts et métiers, lʼInstitut dʼInformatique dʼEntreprise (IIE) est tout dʼabord installé à Paris, dans les locaux du CNAM. Les promotions sont très réduites au départ, constituées dʼune trentaine dʼélèves au plus, mais ne tarderont pas à sʼenrichir. Quatre années plus tard, en 1972, lʼIIE est habilité, après avis de la Commission des titres dʼingénieurs, à délivrer le diplôme dʼingénieur de lʼInstitut dʼInformatique dʼEntreprise. En 1974, lʼécole rejoint le concours Centrale–Supélec, qui servait encore de base principale à son recrutement jusquʼen 2014. En 1984, lʼIIE est déplacé dans la ville nouvelle dʼÉvry, et hérite de locaux plus vastes, permettant dʼétendre les promotions à plus de 150 élèves aujourdʼhui. En 2006, des travaux importants ont été réalisés, afin de rénover et dʼagrandir les locaux de lʼécole.\n\nEn juillet 2006, l’école devient l’École nationale supérieure dʼinformatique pour lʼindustrie et lʼentreprise (ENSIIE), et devient un établissement public à caractère administratif rattaché à l’Université dʼÉvry-Val-dʼEssonne6.\n\nEntre 2009 et 2017, elle a disposé dʼune antenne à Strasbourg, en Alsace. Elle comptait environ 50 élèves par promotion, mais a été fermée faute de financement7.\n\nEn 2016, une fusion avec Télécom SudParis est envisagée8 mais est finalement abandonnée9.\n\nEn 2015, lʼécole rejoint le Concours Télécom INT, devenu Concours Mines-Télécom en 2016 à la suite de la fusion avec le Concours Commun des Écoles des Mines.\n\nEn 2020, lʼENSIIE bénéficie dʼun réseau de plus de 4 000 Alumni, ingénieurs diplômés en formation initiale sous statut étudiant (FISE), sous statut apprenti (FISA), en formation continue (FC) ou par la VAE.', 4);
INSERT INTO public.Section (TITLE, CONTENT, ID_PAGE) VALUES('Formation et recherche', 'Les élèves admis à lʼENSIIE peuvent être issus de :\n\nConcours Centrale-Supélec, de 1974 et jusquʼen 2014 (filière de classes préparatoires MP, PSI, PC, PT, TSI).\nBanque de notes du Concours Mines-Ponts depuis 201510 (concours Mines-Télécom).\nConcours national DEUG.\nAdmissions sur titre aux titulaires dʼun DUT, dʼun BTS ayant fait une préparation ATS, dʼune licence ou dʼun diplôme équivalent à dominante informatique ou mathématiques.\nLe recrutement en deuxième année se fait sur admission sur titre, pour les titulaires dʼune maîtrise, dʼun Master 1, dʼun Bachelor à dominante informatique ou mathématiques ou dʼun diplôme équivalent.\n\nLa scolarité à lʼENSIIE dure six semestres, à temps plein à lʼexception des apprentis. Elle comporte des phases dʼenseignement et dʼimportantes phases de stages en entreprise.\n\nLes 1er et 2e semestres, les étudiants suivent tous les mêmes enseignements, articulés en quatre grands modules :\n\nInformatique\nMathématiques et méthodes quantitatives\nÉconomie et gestion\nFormation humaine\nCes enseignements ont pour objectif de fournir aux étudiants les bases scientifiques et les outils fondamentaux pour leur futur métier dʼingénieur. Ces bases leur permettront de sʼadapter et de suivre les évolutions rapides du monde numérique.\n\nLes 3e et 4e semestres comprennent un choix dʼoptions, articulées autour de 4 parcours11 (Mathématiques Appliquées, Génie Logiciel, Interactions Numériques, Calcul Intensif et Données Massives) ou par le biais dʼun "parcours libre", à choisir parmi les catégories suivantes notamment :\n\nMathématiques Financières\nStatistique et Data Science\nRecherche Opérationnelle\nArchitecture logiciel et logiciel sûr\nSécurité et réseaux\nSystèmes d’Information\nJeux vidéo et Interactions Numériques\nRéalité virtuelle et augmentée\nSystèmes Intelligents\nOrganisation et Management\nEntrepreneuriat\nOptions des Masters cohabilités\nÀ lʼissue des deux premières années à lʼENSIIE, les élèves ont la possibilité de compléter leur cursus en passant deux années supplémentaires au sein de lʼécole Institut Mines-Télécom Business School, anciennement Télécom École de Management, pour se voir décerner un double diplôme ingénieur-manager12.\n\nLes élèves peuvent ainsi compter environ un an de stage durant leur scolarité, à raison dʼun stage par année dʼétude, et ce dʼune durée de :\n\n8 à 13 semaines en première année (stage de programmation et développement)\n10 à 13 semaines en deuxième année (stage de conception et développement)\n5 à 6 mois en troisième année (stage de conception, veille technologique et innovation)\nAu cours de la deuxième ou de la troisième année dʼétudes, lʼENSIIE propose aux élèves dʼeffectuer une partie de leur scolarité dans une université étrangère, le plus souvent dans le cadre dʼune formation en bi-cursus, pouvant mener à lʼobtention dʼun diplôme étranger, tel quʼun Master of Science (MSc).', 4);
INSERT INTO public.Section (TITLE, CONTENT, ID_PAGE) VALUES('La recherche', 'Une grande partie des enseignants de lʼENSIIE sont des enseignants-chercheurs, et ont donc une mission de recherche à accomplir. Ces enseignants-chercheurs font partie de divers laboratoires en Île-de-France.\n\nLes équipes de recherche associées à l’école travaillent sur les thématiques principales suivantes : Contrôle stochastique en finances, Optimisation combinatoire, Spécification et vérification de programmes, Apprentissage statistique. Ces travaux se font dans des laboratoires associés à lʼENSIIE: le LaMME (Laboratoire de Mathématiques et Modélisation d’Evry) et SAMOVAR (Services réparties, Architectures, Modélisation, Validation, Administration des Réseaux) .\n\nIl existe également des relations avec dʼautres laboratoires dans lesquels travaillent des enseignants-chercheurs de lʼécole13, par exemple le laboratoire IBISC (Informatique, Biologie Intégrative et Systèmes Complexes de lʼUniversité dʼEvry).', 4);
INSERT INTO public.Section (TITLE, CONTENT, ID_PAGE) VALUES('Étymologie', 'Le mot soleil est issu du gallo-roman *SOLICULU13, forme du latin populaire *soliculus (non attesté)14, diminutif du latin classique sol, solis désignant l’astre et la divinité. Le latin sol se poursuit dans la plupart des langues romanes : italien sole, espagnol, portugais et catalan sol15.', 5);
INSERT INTO public.Section (TITLE, CONTENT, ID_PAGE) VALUES('Situation dans la Voie lactée', 'Il existe dans la Voie lactée plus de 100 millions d’étoiles de type spectral identique, ce qui fait du Soleil une étoile assez ordinaire, bien qu’il soit en fait plus brillant que 85 % des étoiles de la Galaxie, qui sont en majorité des naines rouges17.\n\nLe Soleil gravite autour du centre de la Voie lactée dont il est distant d’environ 25 000 à 28 000 années-lumière. Sa période de révolution galactique est d’environ 220 millions d’années, et sa vitesse de 220 ± 20 km/s, équivalente à une année-lumière tous les 1 400 ans (environ), et une unité astronomique tous les 8 jours18.\n\nDans cette révolution galactique, le Soleil, comme les autres étoiles du disque, a un mouvement oscillant autour du plan galactique : l’orbite galactique solaire présente des ondulations sinusoïdales perpendiculaires à son plan de révolution. Le Soleil traverserait ce plan tous les 30 millions d’années environ, d’un côté puis de l’autre — sens Nord-Sud galactique, puis inversement — et s’en éloignerait au maximum de 230 années-lumière environ, tout en restant dans le disque galactique. La masse du disque galactique attire les étoiles qui auraient un plan de révolution différent de celui du disque galactiquenote 2.\n\nActuellement, le Système solaire se situerait à 48 années-lumière au-dessus (au nord) du plan galactique et en phase ascendante à la vitesse de 7 km/s19.', 5);
INSERT INTO public.Section (TITLE, CONTENT, ID_PAGE) VALUES('Enfance', 'Zeus est, selon Hésiode, le dernier-né des six enfants du Titan Cronos et de sa sœur Rhéa4. Cette descendance sera considérée comme la branche olympienne par opposition à celle des Titans. Cronos, craignant la prédiction de ses parents, Ouranos et Gaïa, qu’il engendrerait un rival qui régnerait à sa place, avalait ses enfants dès leur naissance. Pour quʼun de ses fils échappe à ce sort, Rhéa, sur le conseil de Gaïa, substituera au dernier-né une pierre emmaillotée. Emporté en Crète5, il fut élevé par les nymphes du mont Idab, allaité grâce à la chèvre Amalthée dans une grotte secrète de Lyctos. Ses cris qui auraient pu trahir sa présence furent couverts par le fracas des armes que les Curètesc entrechoquaient dans leurs danses guerrières.\n\nLe culte d’un Zeus « Krêtagénês »d dans une grotte de cette montagne remonte à l’époque dite minoenne (-2000 - -2500).', 6);
INSERT INTO public.Section (TITLE, CONTENT, ID_PAGE) VALUES('Épouses', 'Les trois filles et les trois fils de Cronos (Déméter, Hestia, Héra, Zeus, Poséidon et Hadès) forment la lignée directe des « grands Olympiens ». En seconde génération, seuls quatre enfants « légitimes » de Zeus sont majoritairement admis : les fils dʼHéra, Héphaïstos et Arès, et les jumeaux de Léto : Apollon et Artémis. Les trois derniers, Aphrodite, Dionysos et Athéna, ont en commun des naissances difficiles à établir, étant donné les divergences chez les auteurs.\n\n', 6);
INSERT INTO public.Section (TITLE, CONTENT, ID_PAGE) VALUES('Dieu du Ciel', 'Originellement, dieu du Ciel diurne, sa mort a été envisagée dans le cadre du cycle cosmique. Ainsi, les Crétois montraient le tombeau de Zeus au mont Iouchtas et contaient sa mort au grand scandale des autres Grecs. Par sa nature cyclique, le Zeus originel tendait nécessairement à devenir un dieu déchu et menacé. À partir du moment où il est devenu le dieu suprème, cet aspect a été occulté et les Grecs ont rejeté lʼidée dʼune « mort » ou dʼun renversement de Zeus. Néanmoins, il reste de nombreuses traces de cet état ancien tels le complot contre Zeus mentionné dans lʼIliade, le mythe de Prométhée...10\n\nZeus Upatos, Upsistos « très-haut, suprême » a reçu, au cours du partage du monde, la sphère céleste, la partie la plus considérable, la plus imposante et la plus mystérieuse aux yeux du genre humain. Le Ciel est un poste privilégié : Zeus observe les actions des hommes, peut intervenir et les corriger. Hésiode écrivait : « L’œil de Zeus voit tout, connaît tout »11. Ce domaine inaccessible aux hommes va paradoxalement le rapprocher d’eux. Maître d’en haut, ce dieu commande à toute la machinerie atmosphérique. Il est le maître du temps météorologique : orages, tonnerres, pluies, neige, grêles, foudrep, bourrasques, trombes, nébulosités… mais aussi les canicules et les sécheresses. Le dieu peut se montrer dans « son mauvais jour » : Zeus Terpichéraunos « qui aime manier la foudre » ; Zeus Néphélégèrétès « qui accumule les nuages » ; Zeus Maïmaktès « qui souffle la tempête », etc. Le bien-être de l’humanité dépend de ses volontés, de ses caprices ou de ses colères.\n\nLes montagnes dont le sommet tutoie les nuages et les éclairs vont être le truchement sacré et privilégié entre Zeus et les hommes : l’Olympe principalement (la plus haute : environ 2 900 m), mais aussi le Parnès (en Attique, Zeus Ombrios, le dieu des pluies) ; le Pélion (en Thessalie, Zeus Akraïos, le dieu du sommet) ; le Lykaion (en Arcadie lʼactuelle Diaphorti : Zeus Lykaïos), etc. C’est de ces hauteurs terrestres qu’il descend parfois vers les Hommes et c’est tout naturellement qu’Iris dont l’arc coloré joignait la terre aux cieux fut sa messagère. La vallée de Tempée, creusée par les eaux du Pénée entre l’Olympe et l’Ossaq,12 est attribuée au bras puissant de Zeus qui sépara la montagne. Cet événement était fêté pendant les Pélôria (Zeus Pélôrios, tout-puissant) devenue une grande fête de la moisson. La richesse et la fertilité de la terre sont en son pouvoir.\n\nZeus, maître de la destinée, est parfois représenté ou décrit avec une balance où sʼestime le sort octroyé à chacun. En dépit de ceux quʼil aimerait favoriser, même si les péripéties peuvent en être modifiées, il ne change pas le destin, mais le réalise, fatalisme entre autres illustré par le châtiment infligé à Asclépios, qui osa ressusciter un mort.\n\nLʼinfluence du dieu sʼétend sur les richesses et les cultures : il est dit Zeus Plousios « qui apporte la richesse ». Pour les moissons : à Athènes, c’est Zeus quʼon célébrait pendant les Bouphonies (sacrifices de bœufs) et les Pandia (fête des plantations) pour s’attirer la faveur de Zeus Épikarpios « qui donne des fruits » et, en automne, on fêtait régulièrement le Zeus Géôrgos « cultivateur ».\n\nBien que lʼétymologie indique que Zeus était à lʼorigine un dieu du ciel diurne, de nombreuses villes grecques ont honoré un Zeus local qui vivait sous terre. Les Athéniens et les Siciliens ont honoré Zeus Chthonios ou Katachthonios, c’est-à-dire le dieu souterrain, car du ventre de la terre sortent les cultures. On constate une fois de plus l’extrême prépondérance de Zeus : Hadès, son frère, qui en est le dieu légitime est souvent supplanté dans ce rôler. Ce frère mal-aimé, essentiellement rattaché aux forces obscures des bas-fonds de la terre, autrement dit le monde des morts, sera craint et ne sera jamais populaire.', 6);
INSERT INTO public.Section (TITLE, CONTENT, ID_PAGE) VALUES('Légendes', 'Il est le premier fils de Cronos (Saturne pour les Romains) et de Rhéa4, et le frère dʼHestia, Déméter, Héra, Zeus et Poséidon5. Comme eux, il est avalé par son père et nʼest libéré que lorsque Zeus, sauvé par Rhéa, tue Cronos et ouvre son ventre pour faire sortir ses frères et sœurs qui avaient tous grandi dans lʼestomac de leur père.\n\nIl prend part à la titanomachie et reçoit des Cyclopes la kunée, un casque merveilleux qui rend invisible, alors que Zeus reçoit le foudre et Poséidon le trident6. Ce casque merveilleux, peut le rendre même invisible aux yeux des dieux, ce qui est impossible pour les autres dieux, qui ne peuvent se rendre invisibles quʼaux mortels.', 7);
INSERT INTO public.Section (TITLE, CONTENT, ID_PAGE) VALUES('Souverain des Enfers', 'Au terme de la guerre contre les Titans, Hadès reçoit en partage les « ombres brumeuses » et réside avec elles dans les Enfers7. Roi des morts8, sa principale mission est dʼempêcher ceux-ci de quitter les Enfers, car leur vue remplirait dʼhorreur les hommes comme les dieux9. Pindare lui donne pour attribut un sceptre grâce auquel il conduit les morts10, un rôle qui relève normalement dʼHermès psychopompe11. Dans Les Perses, le nom dʼHadès est invoqué en même temps que celui dʼHermès et Gaïa pour faire revenir sur terre lʼâme de Darius8.\n\nEschyle le présente par deux fois comme le juge des morts. Dans Les Suppliantes, Danaos clame que « là-bas aussi Quelquʼun fait justice des crimes, dit-on — un autre Zeus : à lui, chez les défunts, le dernier Jugement »12. Dans Les Euménides, le chœur déclare de même quʼ« Il se fait rendre de terribles comptes, / le Prince des morts, là-bas sous la terre, / et dans son grand Livre, / son œil vigilant ne laisse rien perdre ».\n\nOn peut rapprocher ces mentions des propos dʼAgamemnon prenant à témoin de son serment Zeus, Hélios et « vous qui, sous le sol / tirez punition des morts qui font de faux serments », cʼest-à-dire Hadès et Perséphone13. Ailleurs, Althée, mère de Méléagre, demande à Hadès et Perséphone la mort de celui qui a tué ses frères14. Malgré tout, Hadès est rarement présenté comme juge15 et le jugement de lʼâme se rattache plus aux traditions égyptiennes quʼà celles des Grecs.\n\nIl est parfois compté parmi les douze Olympiens, bien que cela soit contraire à la tradition dominante : il ne sort que rarement de son royaume, lʼexception la plus notable étant lʼenlèvement de Perséphone16. Hadès est par ailleurs assez discret dans la mythologie, étant essentiellement lié à des légendes impliquant des héros : Orphée, Thésée et Héraclès sont parmi les rares mortels à le rencontrer lors de leur catabase. Inversement, il donne à Sisyphe, Protésilas et Eurydice lʼautorisation de quitter les Enfers.\n\nDioné raconte dans l’Iliade comment Héraclès blesse Hadès dʼune flèche à lʼentrée des Enfers et « le laisse au milieu des morts » ; Hadès doit monter dans lʼOlympe pour se faire soigner par Péan17. Les commentateurs antiques ont fourni plusieurs explications à ce passage curieux : lʼépisode peut prendre place lors de la descente aux Enfers du héros pour capturer Cerbère18. Ce pourrait également être une allusion à lʼattaque dʼHéraclès contre les Pyliens, qui ont apporté leur soutien à Orchomène contre Thèbes19, ou encore au massacre des fils de Nélée à Pylos par le héros20.\n\nCʼest en tout cas au cours de la descente aux Enfers quʼHéraclès tue lʼune des vaches quʼHadès possède sur Érythie, lʼîle rouge, pour offrir un sacrifice de sang aux âmes des morts. Le berger, Ménétès, fils de Ceutonymos, défie le héros à la lutte pour lʼen empêcher, mais doit se retirer du combat les côtes cassées21.', 7);
INSERT INTO public.Section (TITLE, CONTENT, ID_PAGE) VALUES('Amours', 'On prête à Hadès, avant quʼil épouse Perséphone, une aventure avec Menthé, fille du fleuve Cocyte32. Après avoir été délaissée, Menthé se venge en dénigrant sans cesse sa rivale. Elle est transformée en plante, la menthe, par Perséphone elle-même33 ou sa mère32. Dans une autre version, Perséphone piétine la malheureuse avant dʼopérer la métamorphose34.\n\nLeucé, une autre nymphe fille dʼOcéan, est enlevée par Hadès et changée par Perséphone (ou Hadès) en peuplier blanc35. Elle est jalouse de Perséphone.\n\nSelon la Souda, un lexique byzantin tardif (xe-xie siècle), il aurait une fille du nom de Macaria, déesse de la mort « heureuse ».\n\nLʼHymne à Déméter suggère des liens cultuels antérieurs entre la déesse Hécate et Perséphone et/ou les Enfers, et une tradition orphique36 ainsi quʼun fragment de Callimaque37 semblent en faire une sorte de doublet de Perséphone38. Cette assimilation des deux déesses pourrait suggérer une relation entre Hadès et Hécate. Mais cʼest davantage en tant que suivante de Perséphone39, et à ce titre protégée dʼHadès, quʼelle se trouve liée au souverain des Enfers.', 7);
INSERT INTO public.Section (TITLE, CONTENT, ID_PAGE) VALUES('Iconographie', 'Dieu des enfers, craint, il est représenté comme un homme mûr, barbu, tenant la corne dʼabondance, symbole des richesses du sol dont il est le maître. Il arrive que les vases le nomment explicitement Plutôn47. Pour autant, il ne doit pas être confondu avec Ploutos, personnification de la richesse.\n\nLʼenlèvement de Perséphone est le sujet dʼune fresque du ive siècle avant notre ère, dans le tombeau dit « de Perséphone » à Vergina ; peut-être est-elle une œuvre du Nicomaque dont, selon Pline lʼAncien, une composition sur le même sujet se trouve sur le Capitole, à Rome48. Le mythe est également représenté sur des vases attiques, lucaniens et campaniens, des plaques de terre cuite de Locres, des bas-reliefs de sarcophage ou encore des monnaies49.\n\nAu milieu du xe siècle, il est représenté au pied du Christ crucifié dans une icône byzantine en ivoire conservée au Metropolitan Museum de New York50. La Croix du Christ, au bas de la composition, perce le ventre dune figure masculine barbue et allongée représentant Hadès, ce que confirme lʼinscription complémentaire ʼLa Croix implantée dans lʼestomac dʼHadèsʼ. Cʼest un détail unique qui proclame visuellement le triomphe du Christ sur la mort51.\n\n', 7);
INSERT INTO public.Section (TITLE, CONTENT, ID_PAGE) VALUES('Système de jeu', 'Le joueur incarne Zagreus, le prince des enfers, qui tente de fuir le royaume des morts pour découvrir ses origines et réunifier sa famille. Lors de sa quête, les autres divinités olympiennes lui accordent des cadeaux pour lʼaider à combattre toutes les entités des Enfers pensant que Zagreus souhaite les rejoindre.\n\nLe jeu est présenté en 3D isométrique et dispose dʼéléments du genre roguelite : Le joueur doit se frayer un chemin dans des salles dont lʼordre dʼapparition et les ennemis sʼy trouvant sont déterminés procéduralement. Il dispose dʼune arme principale, dʼune attaque spéciale et il peut lancer un sortilège de tir à distance qu’il peut utiliser pour éliminer ses ennemis. Lʼarme principale peut être remplacée par dʼautres (il y en a six) avec des « clés chtoniennes ». Lʼattaque spéciale (appelée technique) change en fonction de lʼarme. Lorsque le joueur perd lʼensemble de ses points de vie, il « meurt » et retourne face à son père, retirant tous les éléments obtenus lors de cette partie, mais conserve une monnaie dʼéchange pour déverrouiller des améliorations permanentes ou de nouvelles armes2,3,4.', 8);
INSERT INTO public.Section (TITLE, CONTENT, ID_PAGE) VALUES('Développement', 'Hades sort dʼabord en accès anticipé sur la boutique Epic Games le 6 décembre 2018 et sur Steam le 10 décembre 2019.\n\nLa version 1.0 sort sur ces deux plateformes ainsi que sur Nintendo Switch le 17 septembre 20205.', 8);
INSERT INTO public.Section (TITLE, CONTENT, ID_PAGE) VALUES('Biographie', 'Mariah Carey est née dʼun père dʼorigine afro-américaine et afro-cubaine , Alfred Roy Carey, ingénieur en aéronautique, et dʼune mère dʼorigine irlandaise, Patricia Hickey, professeur de chant et chanteuse dʼopéraa 4. Elle a une sœur aînée, Alison (née en 1959) et un frère aîné, Morgan (né en 1961). Selon les biographies « officielles », elle aurait eu une enfance difficile et douloureuse. En effet, installée avec sa famille dans un quartier à dominante blanche (aux États-Unis, chaque communauté ayant tendance à se regrouper dans un même quartier), elle doit faire face au racisme et à la haine de certains membres des communautés blanches et noires qui voient alors dʼun mauvais œil le mariage mixte de ses parents. La grand-mère de Patricia Hickley reniera même cette dernière à la suite de cette union. Ce racisme ambiant créé des tensions dans le couple qui finit par divorcer alors que Mariah nʼa que trois ans. Alison et Morgan partent vivre avec leur père, tandis que Mariah reste seule avec sa mère38,a 5.\n\nÀ lʼécole secondaire, elle est surnommée « le Mirage », à cause de ses absences scolaires répétées, dues au fait quʼelle travaillait sur ses créations musicalesa 6. En effet, elle commença à écrire des chansons, notamment avec Gavin Christopher. Parmi les autres surnoms qui lui sont attribués : Macroona et Miss Mod39.\n\nAprès avoir terminé ses études secondaires, elle sʼinstalle à Manhattan avec lʼex-petite amie de son frère, Josephine Sundkvist, qui lʼaide à trouver des petits boulots pour gagner sa vie : elle est serveuse, hôtesse (dʼoù elle sʼest fait renvoyer car elle passait son temps à écouter ses démos plutôt quʼà travailler), concierge dans un salon de coiffure, puis choriste à temps partiel38. Cʼest durant ces années quʼelle fait une rencontre qui va sʼavérer décisive, avec un ami de son frère, Ben Margulies. Musicien, il travaille avec elle sur des compositions, tandis quʼelle écrit les textes et les interprète (cʼest là que naissent entre autres Vision of Love et Love Takes Times, qui seront ses premiers no 1). Parallèlement, Mariah Carey devient choriste de Brenda K. Starr, ce qui va lui permettre de rencontrer son futur mentor, Tommy Mottola38.', 9);
INSERT INTO public.Section (TITLE, CONTENT, ID_PAGE) VALUES('Aspects artistiques', 'Mariah Carey possède une étendue vocale exceptionnelle de cinq octaves et quatre notes (Eb2-Bb7)290,291,292, certains allant au-delà de la huitième octave293,294. Sʼil existe des enregistrements de si7 (dans un live de Emotions), sa tessiture - à savoir lʼéchelle des notes émises de façon homogène et régulière - est en réalité dʼun peu plus de quatre octaves, de do2 (à la fin de My All et au début de Emotions et You’re So Cold) à ré6 grâce à lʼusage de la voix de sifflet295, ce qui nʼen reste pas moins hors du commun. Stephen Holden du New York Times explique que « peu de vocalistes, dans quelque genre musical que ce soit, ont une voix aussi flexible que lʼinstrument de Mlle Carey. [...] Elle peut sauter dans un registre de soprano colorature et tournoyer comme une trapèziste virtuose. [...] Si ces exploits soniques sont comparables à ceux de Yma Sumac et Minnie Riperton, ce qui les distingue est un débit plus rapide296. » Nicholas Limansky et John Caroll évoquent aussi sa performance dans All in Your Mind, où elle monte jusquʼau contre-contre-fa (fa6) en piqués297. Dans certaines chansons - telles les ballades I Am Free ou Music Box - elle démontre également une solide maîtrise du legato298.\n\nLʼamour est le sujet principal des chansons de Carey, mais elle sʼinspire également de thèmes tels que le racisme, lʼaliénation sociale, la mort, la faim dans le monde, et la spiritualité. Elle explique que la majeure partie de son travail est en partie autobiographique, mais le magazine Time écrit à ce sujet : « Si seulement la musique de Mariah Carey reflétait tous les drames de sa vie. Ses chansons sont souvent mielleuses et artificielles, dʼune âme à lʼaspartame. Mais sa vie renferme passion et conflit », concernant les premières étapes de sa carrière. Le magazine ajoute quʼalors que ses albums progressent, son écriture en fait autant, et la musique sʼépanouit en un matériau plus mature et plus significatif45. Jim Faber du New York Daily News publie des commentaires similaires : « Pour Carey, la vocalisation est une question de performance, pas dʼémotions qui lʼont inspirée. Chanter, pour elle, représente un défi physique, pas une décharge émotionnelle304. » Lors de la sortie de son opus Music Box, Stephen Holden du magazine Rolling Stone déclare que Carey chante avec « passion soutenue », tandis quʼArion Berger de Entertainment Weekly écrit que durant quelques instants vocaux, Carey devient « trop accablée pour exprimer sa passion avec des mots305 ». ', 9);
INSERT INTO public.Section (TITLE, CONTENT, ID_PAGE) VALUES('Fonctionnement', 'Pour créer et gérer les bitcoins, Bitcoin sʼappuie sur un logiciel. Dans ce logiciel, les bitcoins sont créés conformément à un protocole qui rétribue les agents (appelés « mineurs ») qui ont traité des transactionsn 2. Ces agents mettent à contribution leur puissance de calcul informatique afin de vérifier, de sécuriser et dʼinscrire les transactions dans un registre virtueln 3, appelé la blockchain, en français chaîne de blocs, nom qui vient du fait que lʼentité de base de Bitcoin sʼappelle un bloc, et que les blocs sont ensuite reliés en une chaîne, la chaine de blocs.\n\nPour chaque nouveau bloc accepté, lʼactivité de vérification-sécurisation-enregistrement, appelée minage, est rémunérée par des bitcoins nouvellement créés et par les frais des transactions traitées5. En tant que monnaie ou commodité, les bitcoins peuvent être échangés contre dʼautres monnaies ou commodités, biens ou services. Le taux dʼéchange de la cryptomonnaie est fixé sur des places de marché spécialisées et fluctue selon la loi de lʼoffre et de la demande.\n\nIl est possible dʼacheter des bitcoins en ligne sur des plateformes spécialisées, des bornes physiques ou en échange de nʼimporte quel bien ou service avec une personne en possédant déjà (la transaction peut se faire de smartphone à smartphone). Les plateformes permettent également de suivre en temps réel lʼévolution du prix du bitcoin par rapport à dʼautres monnaies ou cryptomonnaies.', 10);
INSERT INTO public.Section (TITLE, CONTENT, ID_PAGE) VALUES('Moyen de paiement', 'En tant que moyen de paiement, le bitcoin est accepté par un nombre croissant de commerçants9, incités par des frais de transaction généralement inférieurs aux 2 à 3 % pratiqués par les organismes de cartes de crédit et indépendants du montant de la transaction financière10. Cependant, en 2017, les frais ont considérablement augmenté en quelques mois, passant de 0,2 $ en 2016 à 20 $ certains jours de décembre 2017, si bien que la plateforme Steam ou Microsoft ont retiré le Bitcoin en tant que moyen de paiement, justement à cause de frais de transaction trop élevés11,12,13 (Microsoft a de nouveau autorisé le Bitcoin en janvier 2018). Afin de résoudre le problème des frais de transaction trop élevés, le déploiement progressif de diverses améliorations technologiques (Segwit, Lightning Network, transactions par lots, Schnorr) tout au long de lʼannée 2018 et 2019 a permis aux frais de chuter aux alentours de 0,05 $ pour les transactions non-urgentes14,15, et même à des montants inférieurs à 0,0001 $ pour les transactions de type Lightning16. Contrairement aux cartes de crédit, les frais éventuels sont à la charge non pas du vendeur mais de lʼacheteur, qui choisit dʼen payer volontairement. Une transaction bitcoin est irrévocable et ne peut être annulée. Malgré une croissance de 500 % du nombre de marchands acceptant le bitcoin en 201417, la cryptomonnaie nʼest pas très implantée dans le commerce de détail, mais continue de sʼimplanter dans les échanges commerciaux[réf. souhaitée].', 10);
INSERT INTO public.Section (TITLE, CONTENT, ID_PAGE) VALUES('Histoire', 'Bitcoin est une amélioration du concept de b-money, imaginé par Wei Dai en 199949, et de bitgold, décrit en 2005 par Nick Szabo50. Le bitcoin résout en particulier le problème crucial du modèle de confiance : les serveurs considérés comme sérieux votent avec leur puissance de calcul pour déterminer la chaîne de transaction légitime. Dans b-money, les serveurs étaient supposés verser un dépôt de garantie selon un mécanisme peu explicite. Lʼidée dʼutiliser une chaîne de preuves de calcul fut avancée dans le projet bitgold bien que Nick Szabo ne proposât dʼutiliser quʼune majorité dʼadresses pour établir la légitimité dʼune chaîne de transactions, ce qui laissait entier le problème du contrôle du nombre des adresses.\n\nSatoshi Nakamoto a affirmé quʼil avait travaillé sur bitcoin de 200751 à 2009. Dès 2008, il publie un document sur une liste de diffusion décrivant la monnaie numérique bitcoin52. En février 2009, il diffuse une annonce concernant son travail sur le site P2P Foundation53. Le 3 janvier 2009, le premier bloc ou bloc genesis est créé54. En février 2009, il diffuse la première version du logiciel Bitcoin sur le site P2P Foundation et pour faire fonctionner le réseau, il met à contribution son ordinateur et engendre ainsi les premiers bitcoins55. Avec dʼautres développeurs, Nakamoto continue lʼimplémentation du logiciel et de sa version Bitcoin-Qt jusquʼen 2010.\n\nLes développeurs et la communauté bitcoin perdent progressivement contact avec lui au milieu de lʼannée 2010. Le 12 décembre 2010, un dernier message est posté par Nakamoto sur le principal forum. Peu de temps avant de sʼévanouir, Nakamoto désigne Gavin Andresen comme son successeur en lui donnant accès au projet SourceForge bitcoin et une copie de la clef dʼalerte56. Cette dernière est une clef cryptographique privée unique permettant dʼatténuer les effets dʼune attaque potentielle sur le système Bitcoin, comme la découverte dʼune faille cryptographique permettant de modifier a posteriori les transactions, ou la prise de contrôle de plus de 51 % des nœuds du réseau. Les opérateurs des nœuds du réseau peuvent lors dʼune alerte soit avertir leurs usagers, soit stopper tout enregistrement de transaction.\n\nLe 27 septembre 2012, la Fondation Bitcoin est créée57. Des figures importantes du monde des nouvelles technologies ont très vite soutenu le projet, tel que Wences Casares.', 10);
INSERT INTO public.Section (TITLE, CONTENT, ID_PAGE) VALUES('Fonctionnement', 'Le bitcoin nʼa pas dʼexistence indépendante du système de paiement Bitcoin qui permet de faire des transactions dʼun compte vers un autre, grâce à des logiciels appelés wallets (porte-monnaies), lʼautorité étant assurée par des logiciels de vérification appelés mineurs. Les données de toutes les transactions constituent un registre public de droit privé appelé chaîne de blocs en raison de sa structure et un agent utilise des bitcoins en enregistrant dans la chaîne de blocs du système Bitcoin ses transactions, ledit enregistrement faisant référence aux transactions antérieures.\n\nLe système Bitcoin sʼappuie sur lʼinformatique, autrement dit, le système Bitcoin réside sur le réseau Internet. Le téléchargement et lʼinstallation du logiciel approprié permet de devenir utilisateur de Bitcoin en interagissant avec un matériel de son choix, notamment un smartphone ou un ordinateur. Pour payer ou être payé en bitcoin, lʼutilisateur doit se connecter au système, cette connexion offrant deux fonctionnalités : la création dʼun nombre quelconque de comptes dʼune part, et la facilité de procéder à des transactions constituées du transfert de bitcoins depuis un compte propre vers le compte dʼun tiers.\n\nLa fonction essentielle du système Bitcoin réside dans les transactions qui sont soumises à une vérification de validité par les ordinateurs compétents et sont inscrites irrévocablement dans un registre public. Ce registre public ou chaîne de blocs peut être consulté partout, à condition dʼavoir une connexion à Bitcoin, et par tout un chacun. Lors de la consultation aucune altération nʼest possible. Une transaction en bitcoins est réalisée en deux temps :\n\nDans un premier temps, des nœuds dédiés du réseau (les « mineurs ») créent un nouveau bloc en regroupant des transactions récemment effectuées et en leur adjoignant un en-tête contenant notamment la date et lʼheure, une somme de contrôle (« hash ») qui servira également dʼidentificateur unique du bloc, et lʼidentificateur du bloc précédent ;\nDans un second temps, après avoir vérifié la validité de toutes les transactions que contient ce nouveau bloc et leur cohérence avec les transactions déjà enregistrées, chaque mineur lʼajoute à sa version locale du registre (ou chaîne de blocs).\nLe registre public est recopié en plusieurs exemplaires. Lʼhistorique complet de toutes les transactions peut alors être lu en consultant tous les nœuds du réseau qui gèrent (cʼest-à-dire qui ont accès à) un exemplaire de la chaîne de blocs. La recopie peut faire apparaître des différences éventuelles entre fichiers, en cas de désaccord. Dans ce cas, les différences éventuelles entre ces exemplaires doivent être résolues par le logiciel dʼaccès.', 10);
INSERT INTO public.Section (TITLE, CONTENT, ID_PAGE) VALUES('Biographie', 'Michael Jackson, né le 29 août 1958, est le septième des neuf enfantsNote 3 de Joseph Walter Jackson et Katherine Esther Scruse. La famille vit dans une petite maison pourvue de deux chambres seulement, dans la ville ouvrière de Gary (Indiana), au sud-est de Chicago. Le père, qui joue de la guitare dans un groupe rhythm and blues appelé « The Falcons » (les Faucons), travaille comme simple ouvrier dans une aciérie, tandis que la mère élève ses enfants et travaille de temps en temps pour rapporter un complément de revenus au foyer2. Contre la volonté de son mari, elle élève ses enfants dans la religion des témoins de Jéhovah. Michael Jackson finira par quitter ce mouvement en 19873,4.\nJoseph Jackson (1928-2018) est un père autoritaire et intransigeant. Dans un entretien accordé à Martin Bashir et diffusé en 2003, Michael Jackson raconte que son père les maltraitait physiquement et mentalement5, lui et ses frères, et se moquait souvent de son apparence physique, le surnommant « gros nez »6. Lʼenfant souffrait de multiples difficultés émotionnelles – cauchemars, troubles du sommeil, complexes, comportement hyper-docile et des tendances à rester enfantin – des symptômes dus à des maltraitances7[source insuffisante] ce qui lʼaurait profondément traumatisé et ont été la cause de ce qui aurait engendré ses problèmes de santé durant toute sa vie. Les médecins lui diagnostiquent également une dysmorphophobie8,9. Dans un entretien accordé à Oprah Winfrey en 1993, Jackson déclare que sa jeunesse avait été solitaire10 : « Je ne pouvais pas faire des choses que les autres enfants pouvaient faire, avoir des amis et des soirées et des copains. Il nʼy avait rien de tout cela chez moi. Je nʼavais pas dʼamis quand jʼétais petit. Mes frères étaient mes amis. »11,12. En 201213,14, dans lʼémission Piers Morgan Tonight diffusée sur CNN, Katherine déclare que, même si les coups sur Michael sont considérés comme un abus aujourdʼhui, cʼétait une façon courante de discipliner les enfants à lʼépoque15,16.\n\nLa musique est très présente dans la vie de la famille. Dans un premier temps, Joseph joue de la guitare et fait chanter ses enfants17. Lʼutilisation de sa guitare leur est normalement interdite, mais Tito en joue parfois en cachette lorsque son père est absent. Quand il sʼaperçoit quʼune corde est cassée, ce dernier menace ses enfants de les battre sʼils ne leur montrent pas quʼils savent bien en jouer. Cʼest ainsi quʼil réalise que Tito et ses frères ont du talent. Il offre alors sa propre guitare à Tito et une basse à Jermaine. Rejoints dès 1964 par Marlon et Michael, ils forment un groupe baptisé « The Jackson Five » sur la suggestion dʼun de leurs voisins17. Michael en devient le chanteur principal grâce à sa voix étonnamment maîtrisée pour son jeune âge et à son habileté à reproduire les pas de danse de James Brown18.\n', 11);
INSERT INTO public.Section (TITLE, CONTENT, ID_PAGE) VALUES('Début de carrière solo (années 1970)', 'Parallèlement à sa carrière avec les Jackson Five, Michael Jackson sort quatre albums solo. Got to Be There paraît en janvier 1972 avec le label Motown, alors que Michael a à peine 13 ans. La même année, il acquiert, avec Ben, une plus grande maturité vocale, qui sʼexprime notamment sur les nombreuses ballades que comprend cet album. Toujours en 1972, la chanson Ben devient son premier succès en solo29 et figure sur la bande originale du film homonyme, ce qui lui vaut un Golden Globe et une nomination aux Oscars29. Music and Me et Forever, Michael, respectivement sortis en 1973 et 1975, ne rencontrent pas le même succès que les deux précédents albums26.\n\nIl faut attendre 1978 et lʼalbum Destiny pour prendre la mesure du talent des frères Jackson, et plus particulièrement de Michael. Cet album, entièrement produit et écrit par eux, génère deux tubes : Blame It On The Boogie et Shake Your Body (Down To the Ground). Lʼalbum suivant, Triumph, sorti en 1980, contient notamment les tubes Lovely One et Can You Feel It ; ce dernier titre a fait lʼobjet dʼun vidéo clip spectaculaire pour lʼépoque, abondant en effets spéciaux30, imaginé par Michael lui-même. Michael éclipse désormais le groupe en interprétant ses propres compositions. Un album live, issu du Triumph Tour, paraît en 1981 sous le titre The Jacksons Live!, comportant aussi bien des chansons publiées chez Epic que leurs premiers succès chez Motown sous le nom des Jackson Five.\n\nEn 1978, Michael aurait eu une fracture du nez, causée par une chute sur scène, ce qui lʼaurait obligé à subir une première rhinoplastie, laquelle nʼaurait pas été totalement réussie et aurait été corrigée par une seconde. Ce sont les deux seules rhinoplasties quʼil reconnaît avoir subies. Beaucoup de rumeurs circulent sur les modifications quʼil aurait ensuite apportées à son visage et sur leur nombre : même si certaines sont farfelues, dʼautres sont indéniables et poussent les chirurgiens esthétiques à citer Michael Jackson comme exemple à ne pas suivre.', 11);
INSERT INTO public.Section (TITLE, CONTENT, ID_PAGE) VALUES('Années Thriller et Bad', 'Le 1er décembre 1982, Michael Jackson sort Thriller, deuxième album créé en collaboration avec Quincy Jones, qui remporte un succès immédiat : un million dʼexemplaires vendus en un mois, dix millions la première année35. Lʼalbum reste présent dans les hit-parades pendant deux ans et se maintient pendant un total de 37 semaines numéro 1 du classement Billboard ; cʼest lʼalbum le mieux vendu aux États-Unis en 198336 et 198437, et à cette époque, cʼest le deuxième disque le plus vendu après le Greatest Hits (1971-1975) des Eagles38,39 (soit le premier hors compilations). Entre 1982 et 1996, Thriller a été certifié à 25 millions dʼexemplaires aux États-Unis et 20 millions à lʼétranger40.\n\nEn mai 1984, il est reconnu par le Livre Guinness des records comme lʼalbum le plus vendu de tous les temps (25 millions dʼexemplaires à lʼépoque)41 ; les estimations actuelles sont de 66 millions dʼexemplaires42,43. Lʼalbum est certifié 33 fois disque de platine par la RIAA aux États-Unis44. Avec Thriller, Michael Jackson remporte huit récompenses aux American Music Awards et huit aux Grammy Awards45, et le 20 novembre 1984, il obtient son étoile sur lʼHollywood Walk of Fame', 11);
INSERT INTO public.Section (TITLE, CONTENT, ID_PAGE) VALUES('Années 1990 : continuité', 'Le 20 mars 1991, Michael Jackson signe avec Sony un contrat dʼun montant de 65 millions de dollars et dʼune durée de quinze ans, dans lequel il sʼengage à produire six albums pour Epic, et à apparaître dans des films et des courts-métrages.\n\nLes revenus escomptés sont évalués entre 890 millions et un milliard de dollars71,72. Lʼalbum qui inaugure ce nouveau contrat, Dangerous, sort le 26 novembre 1991 et devient no 1 des classements en trois jours73. Il sʼécoule à plus de 30 millions dʼexemplaires64, dont huit millions aux États-Unis.\n\nLʼalbum Dangerous comprend quatorze chansons dont neuf paraissent successivement : Black or White (novembre 1991), Remember the Time (janvier 1992), In the Closet (avril 1992), Who Is It (juillet 1992), Jam (septembre 1992), Heal the World (novembre 1992), Give In to Me (février 1993), Will You Be There (juin 1993), qui devient plus tard le générique de fin du film Sauvez Willy, et Gone Too Soon (novembre 1993), une chanson en hommage à Ryan White, un jeune garçon victime du SIDA.\n\nDans les vidéos accompagnant les singles figurent plusieurs célébrités, parmi lesquelles Michael Jordan et Kris Kross dans Jam ; Naomi Campbell dans In the Closet – dont la voix féminine est celle de la princesse Stéphanie de Monaco ; Eddie Murphy, Magic Johnson et Iman dans Remember the Time ; Macaulay Culkin dans Black Or White ; et Slash dans Give In to Me.\n\nEn novembre 1992, une mini-série intitulée The Jacksons: An American Dream (« Les Jacksons : un rêve américain »), dʼune durée totale de quatre heures, est diffusée en deux épisodes sur la chaîne ABC. La série aborde principalement la carrière des Jacksons Five et explore en profondeur leur vie au quotidien, notamment les préoccupations de Michael et les méthodes dʼéducation de son père.\n\nPendant sa tournée mondiale Dangerous Tour, du 27 juin 1992 au 11 novembre 1993, Jackson annonce la création de son organisation caritative, Heal the World, à laquelle sʼadjoint en 2001 Heal the Kids (les deux seront dissoutes au cours de cette même année). Le 31 janvier 1993, il chante lors de la mi-temps de la finale du Super Bowl, interprétant plusieurs de ses titres : Jam, Billie Jean, Black or White et Heal the World.\n\nLe 17 août 1993, durant sa tournée, Michael Jackson est accusé dʼabus sexuel sur mineur. Après une cure de désintoxication rendue nécessaire par sa dépendance aux calmants, Michael Jackson se dit prêt à affronter un procès, mais son entourage, les compagnies dʼassurances et les gestionnaires de sa fortune lʼen dissuadent. Lʼaffaire a un fort retentissement sur lʼétat de santé du chanteur, qui est contraint dʼannuler plusieurs concerts de la fin de sa tournée.\n\n', 11);
INSERT INTO public.Section (TITLE, CONTENT, ID_PAGE) VALUES('Discographie', 'Albums solo chez Motown\n1972 : Got to Be There\n1972 : Ben\n1973 : Music and Me\n1975 : forever, Michael\n\nAlbums solo chez Epic Records et CBS\n1979 : Off the Wall\n1982 : Thriller\n1987 : Bad\n1991 : Dangerous\n1995 : HIStory – Past, Present, and Future: Book 1\n2001 : Invincible\n\nAlbums posthumes chez Epic Records et Sony\n2010 : Michael\n2014 : Xscape\n\nCompilations et coffrets\n1981 : One Day in Your Life\n1984 : Farewell My Summer Love\n1986 : Looking Back to Yesterday\n1997 : Blood on the Dance Floor – HIStory in the Mix\n2001 : Greatest Hits: HIStory Volume I\n2003 : Number Ones\n2004 : The Ultimate Collection\n2005 : The Essential Michael Jackson\n2008 : Thriller 25\n2008 : King of Pop\n2009 : The Collection\n2009 : This Is It\n2009 : The Remix Suite\n2012 : Bad 25\n2013 : The Ultimate Fan Extras Collection\n2014 : Essential\n2016 : Off The Wall (2016 Deluxe Edition)\n2017 : Scream\n', 11);

-- INSERT INTO NewCategory
INSERT INTO NewCategory (name) VALUES ('Chien');
INSERT INTO NewCategory (name) VALUES ('Chat');
INSERT INTO NewCategory (name) VALUES ('Chevaux');
INSERT INTO NewCategory (name) VALUES ('Sciance');
INSERT INTO NewCategory (name) VALUES ('Porte-avions français');
INSERT INTO NewCategory (name) VALUES ('Charles de Gaulle');
INSERT INTO NewCategory (name) VALUES ('France');
INSERT INTO NewCategory (name) VALUES (' a e rfa ');
INSERT INTO NewCategory (name) VALUES ('L agujo ');
INSERT INTO NewCategory (name) VALUES ('JeEj suiux');
INSERT INTO NewCategory (name) VALUES ('Jeux olympiques');
INSERT INTO NewCategory (name) VALUES ('Bricolage');
INSERT INTO NewCategory (name) VALUES ('Basse couture');
INSERT INTO NewCategory (name) VALUES ('patiage');